{"stats":{"minecraft:picked_up":{"minecraft:stripped_oak_log":4,"minecraft:crafting_table":5,"minecraft:leather":12,"minecraft:smoker":3,"minecraft:oak_log":33,"minecraft:gunpowder":1,"minecraft:cooked_mutton":29,"minecraft:iron_ingot":3,"minecraft:beef":20,"minecraft:oak_planks":3,"minecraft:furnace":1,"minecraft:stick":10,"minecraft:raw_iron":3,"minecraft:sand":1,"minecraft:white_bed":2,"minecraft:rotten_flesh":2,"minecraft:stone_axe":1,"minecraft:oak_sapling":11,"minecraft:mutton":36,"minecraft:black_wool":4,"minecraft:coal":207,"minecraft:cobblestone":49,"minecraft:white_wool":18},"minecraft:mined":{"minecraft:white_bed":2,"minecraft:smoker":3,"minecraft:crafting_table":5,"minecraft:short_grass":5,"minecraft:tall_grass":5,"minecraft:oak_planks":3,"minecraft:furnace":1,"minecraft:iron_ore":3,"minecraft:oak_log":3,"minecraft:coal_ore":86,"minecraft:sand":1,"minecraft:stripped_oak_log":4,"minecraft:stone":49,"minecraft:oak_leaves":1},"minecraft:custom":{"minecraft:interact_with_furnace":2,"minecraft:mob_kills":40,"minecraft:interact_with_crafting_table":14,"minecraft:time_since_death":28716,"minecraft:sleep_in_bed":1,"minecraft:time_since_rest":20680,"minecraft:sprint_one_cm":94743,"minecraft:damage_taken":510,"minecraft:walk_one_cm":35886,"minecraft:drop":10,"minecraft:damage_dealt":4190,"minecraft:swim_one_cm":2045,"minecraft:fly_one_cm":195114,"minecraft:open_chest":2,"minecraft:crouch_one_cm":1155,"minecraft:play_time":28716,"minecraft:sneak_time":372,"minecraft:walk_under_water_one_cm":160,"minecraft:jump":869,"minecraft:walk_on_water_one_cm":4407,"minecraft:total_world_time":28716,"minecraft:interact_with_smoker":11,"minecraft:fall_one_cm":29849},"minecraft:dropped":{"minecraft:stone_axe":1,"minecraft:rotten_flesh":2,"minecraft:leather":3,"minecraft:gunpowder":1,"minecraft:oak_sapling":9,"minecraft:sand":1,"minecraft:wooden_pickaxe":1,"minecraft:black_wool":4},"minecraft:used":{"minecraft:cooked_mutton":7,"minecraft:stone_pickaxe":132,"minecraft:oak_planks":37,"minecraft:wooden_pickaxe":10,"minecraft:crafting_table":6,"minecraft:white_bed":2,"minecraft:smoker":4,"minecraft:iron_pickaxe":2,"minecraft:stone_axe":57,"minecraft:golden_sword":32,"minecraft:oak_sapling":2,"minecraft:furnace":1,"minecraft:cooked_beef":3},"minecraft:killed":{"minecraft:spider":1,"minecraft:creeper":1,"minecraft:sheep":22,"minecraft:horse":2,"minecraft:zombie":1,"minecraft:drowned":1,"minecraft:cow":12},"minecraft:crafted":{"minecraft:cooked_beef":7,"minecraft:oak_planks":132,"minecraft:crafting_table":1,"minecraft:wooden_pickaxe":1,"minecraft:furnace":1,"minecraft:stone_axe":2,"minecraft:cooked_mutton":7,"minecraft:air":0,"minecraft:stick":24,"minecraft:iron_pickaxe":1,"minecraft:stone_pickaxe":2,"minecraft:white_bed":1,"minecraft:torch":56,"minecraft:smoker":1},"minecraft:broken":{"minecraft:stone_pickaxe":1,"minecraft:stone_axe":1}},"DataVersion":3953}