{"stats":{"minecraft:picked_up":{"minecraft:stripped_oak_log":4,"minecraft:magma_block":1,"minecraft:crafting_table":9,"minecraft:cooked_beef":37,"minecraft:salmon":1,"minecraft:leather":16,"minecraft:smoker":5,"minecraft:oak_log":33,"minecraft:gunpowder":1,"minecraft:dirt":16,"minecraft:raw_copper":3,"minecraft:cooked_salmon":2,"minecraft:cooked_mutton":29,"minecraft:bone":5,"minecraft:wheat_seeds":1,"minecraft:iron_ingot":3,"minecraft:beef":28,"minecraft:mossy_stone_bricks":1,"minecraft:oak_planks":3,"minecraft:furnace":2,"minecraft:stick":10,"minecraft:raw_iron":9,"minecraft:oak_door":1,"minecraft:spyglass":1,"minecraft:gravel":3,"minecraft:sand":5,"minecraft:redstone":4,"minecraft:white_bed":3,"minecraft:sugar":1,"minecraft:tnt":1,"minecraft:arrow":4,"minecraft:rotten_flesh":3,"minecraft:cooked_cod":4,"minecraft:stone_axe":1,"minecraft:fishing_rod":1,"minecraft:oak_sapling":11,"minecraft:mutton":36,"minecraft:black_wool":4,"minecraft:coal":465,"minecraft:cobblestone":102,"minecraft:white_wool":18},"minecraft:mined":{"minecraft:white_bed":3,"minecraft:oak_door":1,"minecraft:smoker":5,"minecraft:crafting_table":9,"minecraft:torch":1,"minecraft:short_grass":5,"minecraft:copper_ore":1,"minecraft:tall_grass":8,"minecraft:cobblestone":4,"minecraft:oak_planks":3,"minecraft:magma_block":1,"minecraft:furnace":2,"minecraft:iron_ore":9,"minecraft:tnt":1,"minecraft:oak_log":3,"minecraft:coal_ore":156,"minecraft:gravel":3,"minecraft:sand":5,"minecraft:stripped_oak_log":4,"minecraft:stone_bricks":2,"minecraft:stone":79,"minecraft:mossy_stone_bricks":2,"minecraft:oak_leaves":1},"minecraft:custom":{"minecraft:interact_with_furnace":4,"minecraft:mob_kills":54,"minecraft:interact_with_crafting_table":20,"minecraft:time_since_death":64716,"minecraft:sleep_in_bed":2,"minecraft:time_since_rest":5140,"minecraft:sprint_one_cm":188343,"minecraft:damage_blocked_by_shield":136,"minecraft:damage_taken":1490,"minecraft:walk_one_cm":79311,"minecraft:drop":37,"minecraft:damage_dealt":6540,"minecraft:swim_one_cm":47375,"minecraft:fly_one_cm":330067,"minecraft:open_chest":8,"minecraft:crouch_one_cm":4492,"minecraft:play_time":64716,"minecraft:sneak_time":1569,"minecraft:walk_under_water_one_cm":5122,"minecraft:boat_one_cm":23151,"minecraft:jump":1919,"minecraft:interact_with_blast_furnace":2,"minecraft:fish_caught":1,"minecraft:walk_on_water_one_cm":15166,"minecraft:total_world_time":64716,"minecraft:interact_with_smoker":17,"minecraft:fall_one_cm":50725},"minecraft:dropped":{"minecraft:gravel":3,"minecraft:stone_axe":1,"minecraft:wheat_seeds":1,"minecraft:cooked_beef":16,"minecraft:raw_copper":3,"minecraft:rotten_flesh":3,"minecraft:leather":7,"minecraft:cooked_mutton":8,"minecraft:leather_helmet":1,"minecraft:filled_map":1,"minecraft:dirt":16,"minecraft:gunpowder":1,"minecraft:mossy_stone_bricks":1,"minecraft:cooked_cod":8,"minecraft:cooked_salmon":4,"minecraft:oak_sapling":9,"minecraft:sand":1,"minecraft:arrow":4,"minecraft:wooden_pickaxe":1,"minecraft:magma_block":1,"minecraft:white_wool":15,"minecraft:fishing_rod":4,"minecraft:bone":5,"minecraft:black_wool":4,"minecraft:oak_door":1},"minecraft:used":{"minecraft:cooked_mutton":7,"minecraft:flint_and_steel":1,"minecraft:stone_pickaxe":251,"minecraft:oak_planks":42,"minecraft:shield":2,"minecraft:wooden_pickaxe":10,"minecraft:iron_sword":14,"minecraft:oak_door":3,"minecraft:salmon":1,"minecraft:torch":50,"minecraft:sand":4,"minecraft:spyglass":4,"minecraft:tnt":2,"minecraft:crafting_table":9,"minecraft:white_bed":3,"minecraft:smoker":5,"minecraft:iron_pickaxe":2,"minecraft:stone_axe":86,"minecraft:fishing_rod":1,"minecraft:golden_sword":35,"minecraft:cobblestone":36,"minecraft:oak_sapling":2,"minecraft:furnace":2,"minecraft:oak_boat":1,"minecraft:cooked_beef":14},"minecraft:killed":{"minecraft:witch":1,"minecraft:zombie_villager":1,"minecraft:spider":2,"minecraft:creeper":1,"minecraft:skeleton":2,"minecraft:sheep":22,"minecraft:horse":2,"minecraft:zombie":4,"minecraft:drowned":3,"minecraft:cow":16},"minecraft:crafted":{"minecraft:cooked_beef":7,"minecraft:oak_door":3,"minecraft:oak_planks":132,"minecraft:leather_boots":1,"minecraft:crafting_table":1,"minecraft:wooden_pickaxe":1,"minecraft:furnace":2,"minecraft:leather_helmet":1,"minecraft:stone_axe":3,"minecraft:cooked_mutton":7,"minecraft:air":0,"minecraft:flint_and_steel":1,"minecraft:oak_boat":1,"minecraft:shield":1,"minecraft:stick":28,"minecraft:iron_ingot":2,"minecraft:iron_pickaxe":1,"minecraft:stone_pickaxe":2,"minecraft:white_bed":1,"minecraft:torch":76,"minecraft:smoker":1},"minecraft:broken":{"minecraft:stone_pickaxe":1,"minecraft:golden_sword":1,"minecraft:stone_axe":1}},"DataVersion":3953}