{"stats":{"minecraft:picked_up":{"minecraft:stripped_oak_log":4,"minecraft:crafting_table":7,"minecraft:cooked_beef":13,"minecraft:leather":12,"minecraft:smoker":4,"minecraft:oak_log":33,"minecraft:gunpowder":1,"minecraft:cooked_mutton":29,"minecraft:bone":2,"minecraft:iron_ingot":3,"minecraft:beef":20,"minecraft:oak_planks":3,"minecraft:furnace":1,"minecraft:stick":10,"minecraft:raw_iron":5,"minecraft:sand":1,"minecraft:white_bed":2,"minecraft:arrow":2,"minecraft:rotten_flesh":3,"minecraft:stone_axe":1,"minecraft:oak_sapling":11,"minecraft:mutton":36,"minecraft:black_wool":4,"minecraft:coal":329,"minecraft:cobblestone":62,"minecraft:white_wool":18},"minecraft:mined":{"minecraft:white_bed":2,"minecraft:smoker":4,"minecraft:crafting_table":7,"minecraft:short_grass":5,"minecraft:tall_grass":5,"minecraft:cobblestone":2,"minecraft:oak_planks":3,"minecraft:furnace":1,"minecraft:iron_ore":5,"minecraft:oak_log":3,"minecraft:coal_ore":145,"minecraft:sand":1,"minecraft:stripped_oak_log":4,"minecraft:stone":56,"minecraft:oak_leaves":1},"minecraft:custom":{"minecraft:interact_with_furnace":2,"minecraft:mob_kills":44,"minecraft:interact_with_crafting_table":15,"minecraft:time_since_death":40716,"minecraft:sleep_in_bed":1,"minecraft:time_since_rest":32680,"minecraft:sprint_one_cm":118034,"minecraft:damage_taken":904,"minecraft:walk_one_cm":51342,"minecraft:drop":11,"minecraft:damage_dealt":4950,"minecraft:swim_one_cm":4497,"minecraft:fly_one_cm":228777,"minecraft:open_chest":2,"minecraft:crouch_one_cm":3775,"minecraft:play_time":40716,"minecraft:sneak_time":1047,"minecraft:walk_under_water_one_cm":1610,"minecraft:jump":1097,"minecraft:walk_on_water_one_cm":10007,"minecraft:total_world_time":40716,"minecraft:interact_with_smoker":14,"minecraft:fall_one_cm":36217},"minecraft:dropped":{"minecraft:stone_axe":1,"minecraft:rotten_flesh":3,"minecraft:leather":3,"minecraft:gunpowder":1,"minecraft:oak_sapling":9,"minecraft:sand":1,"minecraft:wooden_pickaxe":1,"minecraft:black_wool":4},"minecraft:used":{"minecraft:cooked_mutton":7,"minecraft:stone_pickaxe":203,"minecraft:oak_planks":41,"minecraft:wooden_pickaxe":10,"minecraft:torch":37,"minecraft:crafting_table":7,"minecraft:white_bed":2,"minecraft:smoker":4,"minecraft:iron_pickaxe":2,"minecraft:stone_axe":67,"minecraft:golden_sword":35,"minecraft:cobblestone":22,"minecraft:oak_sapling":2,"minecraft:furnace":1,"minecraft:cooked_beef":7},"minecraft:killed":{"minecraft:zombie_villager":1,"minecraft:spider":2,"minecraft:creeper":1,"minecraft:skeleton":1,"minecraft:sheep":22,"minecraft:horse":2,"minecraft:zombie":2,"minecraft:drowned":1,"minecraft:cow":12},"minecraft:crafted":{"minecraft:cooked_beef":7,"minecraft:oak_planks":132,"minecraft:leather_boots":1,"minecraft:crafting_table":1,"minecraft:wooden_pickaxe":1,"minecraft:furnace":1,"minecraft:leather_helmet":1,"minecraft:stone_axe":2,"minecraft:cooked_mutton":7,"minecraft:air":0,"minecraft:stick":24,"minecraft:iron_pickaxe":1,"minecraft:stone_pickaxe":2,"minecraft:white_bed":1,"minecraft:torch":56,"minecraft:smoker":1},"minecraft:broken":{"minecraft:stone_pickaxe":1,"minecraft:golden_sword":1,"minecraft:stone_axe":1}},"DataVersion":3953}