{"stats":{"minecraft:picked_up":{"minecraft:stripped_oak_log":4,"minecraft:magma_block":1,"minecraft:crafting_table":10,"minecraft:cooked_beef":37,"minecraft:salmon":1,"minecraft:leather":16,"minecraft:smoker":5,"minecraft:oak_log":54,"minecraft:gunpowder":1,"minecraft:dirt":16,"minecraft:raw_copper":3,"minecraft:cooked_salmon":2,"minecraft:cooked_mutton":29,"minecraft:bone":7,"minecraft:wheat_seeds":2,"minecraft:iron_ingot":3,"minecraft:beef":28,"minecraft:mossy_stone_bricks":1,"minecraft:oak_planks":3,"minecraft:furnace":2,"minecraft:stick":12,"minecraft:raw_iron":14,"minecraft:oak_door":1,"minecraft:spyglass":1,"minecraft:gravel":3,"minecraft:porkchop":37,"minecraft:sand":5,"minecraft:redstone":4,"minecraft:white_bed":3,"minecraft:sugar":1,"minecraft:tnt":1,"minecraft:arrow":7,"minecraft:rotten_flesh":4,"minecraft:cooked_cod":4,"minecraft:stone_axe":1,"minecraft:fishing_rod":1,"minecraft:oak_sapling":18,"minecraft:mutton":36,"minecraft:black_wool":4,"minecraft:coal":465,"minecraft:cobblestone":102,"minecraft:white_wool":18},"minecraft:mined":{"minecraft:white_bed":3,"minecraft:oak_door":1,"minecraft:smoker":5,"minecraft:crafting_table":10,"minecraft:torch":1,"minecraft:short_grass":10,"minecraft:copper_ore":1,"minecraft:tall_grass":8,"minecraft:cobblestone":4,"minecraft:oak_planks":3,"minecraft:magma_block":1,"minecraft:furnace":2,"minecraft:iron_ore":14,"minecraft:tnt":1,"minecraft:oak_log":8,"minecraft:coal_ore":156,"minecraft:gravel":3,"minecraft:sand":5,"minecraft:stripped_oak_log":4,"minecraft:stone_bricks":2,"minecraft:stone":79,"minecraft:mossy_stone_bricks":2,"minecraft:oak_leaves":3},"minecraft:killed_by":{"minecraft:skeleton":1},"minecraft:custom":{"minecraft:interact_with_furnace":4,"minecraft:mob_kills":78,"minecraft:interact_with_crafting_table":21,"minecraft:time_since_death":5432,"minecraft:sleep_in_bed":2,"minecraft:time_since_rest":5486,"minecraft:sprint_one_cm":246388,"minecraft:damage_blocked_by_shield":211,"minecraft:damage_taken":1837,"minecraft:walk_one_cm":95191,"minecraft:drop":45,"minecraft:damage_dealt":9111,"minecraft:swim_one_cm":47375,"minecraft:fly_one_cm":460478,"minecraft:deaths":1,"minecraft:open_chest":8,"minecraft:crouch_one_cm":4611,"minecraft:play_time":76716,"minecraft:sneak_time":1675,"minecraft:walk_under_water_one_cm":5122,"minecraft:boat_one_cm":23151,"minecraft:jump":2440,"minecraft:horse_one_cm":4056,"minecraft:interact_with_blast_furnace":2,"minecraft:fish_caught":1,"minecraft:walk_on_water_one_cm":15304,"minecraft:total_world_time":76716,"minecraft:interact_with_smoker":17,"minecraft:fall_one_cm":71200},"minecraft:dropped":{"minecraft:gravel":3,"minecraft:stone_axe":1,"minecraft:wheat_seeds":2,"minecraft:cooked_beef":16,"minecraft:raw_copper":3,"minecraft:rotten_flesh":4,"minecraft:leather":7,"minecraft:cooked_mutton":8,"minecraft:leather_helmet":1,"minecraft:filled_map":1,"minecraft:dirt":16,"minecraft:gunpowder":1,"minecraft:mossy_stone_bricks":1,"minecraft:cooked_cod":8,"minecraft:cooked_salmon":4,"minecraft:oak_sapling":16,"minecraft:sugar":1,"minecraft:sand":1,"minecraft:arrow":7,"minecraft:wooden_pickaxe":1,"minecraft:redstone":4,"minecraft:magma_block":1,"minecraft:white_wool":15,"minecraft:fishing_rod":4,"minecraft:bone":5,"minecraft:black_wool":4,"minecraft:oak_door":1},"minecraft:used":{"minecraft:cooked_mutton":7,"minecraft:flint_and_steel":1,"minecraft:stone_pickaxe":256,"minecraft:oak_planks":42,"minecraft:shield":3,"minecraft:wooden_pickaxe":10,"minecraft:iron_sword":67,"minecraft:oak_door":3,"minecraft:salmon":1,"minecraft:torch":54,"minecraft:sand":4,"minecraft:spyglass":4,"minecraft:tnt":2,"minecraft:crafting_table":10,"minecraft:white_bed":3,"minecraft:smoker":5,"minecraft:wooden_axe":6,"minecraft:iron_pickaxe":2,"minecraft:stone_axe":86,"minecraft:fishing_rod":1,"minecraft:golden_sword":35,"minecraft:cobblestone":36,"minecraft:oak_sapling":2,"minecraft:furnace":2,"minecraft:oak_boat":1,"minecraft:cooked_beef":16},"minecraft:killed":{"minecraft:pig":18,"minecraft:witch":1,"minecraft:zombie_villager":1,"minecraft:spider":2,"minecraft:creeper":1,"minecraft:skeleton":4,"minecraft:sheep":22,"minecraft:horse":2,"minecraft:zombie":8,"minecraft:drowned":3,"minecraft:cow":16},"minecraft:crafted":{"minecraft:cooked_beef":7,"minecraft:oak_door":3,"minecraft:oak_planks":216,"minecraft:leather_boots":1,"minecraft:crafting_table":2,"minecraft:wooden_pickaxe":2,"minecraft:furnace":2,"minecraft:leather_helmet":1,"minecraft:stone_axe":3,"minecraft:cooked_mutton":7,"minecraft:air":0,"minecraft:flint_and_steel":1,"minecraft:oak_boat":1,"minecraft:shield":1,"minecraft:stick":36,"minecraft:iron_ingot":2,"minecraft:iron_pickaxe":1,"minecraft:stone_pickaxe":2,"minecraft:wooden_axe":1,"minecraft:white_bed":1,"minecraft:torch":76,"minecraft:smoker":1},"minecraft:broken":{"minecraft:stone_pickaxe":1,"minecraft:golden_sword":1,"minecraft:stone_axe":1}},"DataVersion":3953}