{"stats":{"minecraft:picked_up":{"minecraft:raw_iron":3,"minecraft:oak_log":7,"minecraft:coal":29,"minecraft:cobblestone":14},"minecraft:mined":{"minecraft:oak_log":3,"minecraft:coal_ore":29,"minecraft:iron_ore":3,"minecraft:stone":14,"minecraft:oak_leaves":1},"minecraft:custom":{"minecraft:time_since_rest":4716,"minecraft:interact_with_furnace":1,"minecraft:crouch_one_cm":57,"minecraft:play_time":4716,"minecraft:sprint_one_cm":15762,"minecraft:damage_taken":10,"minecraft:walk_one_cm":4733,"minecraft:sneak_time":42,"minecraft:drop":1,"minecraft:jump":102,"minecraft:time_since_death":4716,"minecraft:total_world_time":4716,"minecraft:fall_one_cm":4904,"minecraft:interact_with_crafting_table":5,"minecraft:fly_one_cm":21938},"minecraft:dropped":{"minecraft:wooden_pickaxe":1},"minecraft:used":{"minecraft:stone_axe":1,"minecraft:crafting_table":1,"minecraft:furnace":1,"minecraft:stone_pickaxe":36,"minecraft:wooden_pickaxe":10},"minecraft:crafted":{"minecraft:furnace":1,"minecraft:oak_planks":12,"minecraft:stone_axe":1,"minecraft:crafting_table":1,"minecraft:stick":8,"minecraft:wooden_pickaxe":1,"minecraft:stone_pickaxe":1}},"DataVersion":3953}