{"stats":{"minecraft:picked_up":{"minecraft:stripped_oak_log":4,"minecraft:crafting_table":7,"minecraft:cooked_beef":13,"minecraft:leather":16,"minecraft:smoker":4,"minecraft:oak_log":33,"minecraft:gunpowder":1,"minecraft:raw_copper":3,"minecraft:cooked_mutton":29,"minecraft:bone":2,"minecraft:wheat_seeds":1,"minecraft:iron_ingot":3,"minecraft:beef":28,"minecraft:oak_planks":3,"minecraft:furnace":1,"minecraft:stick":10,"minecraft:raw_iron":5,"minecraft:spyglass":1,"minecraft:sand":1,"minecraft:white_bed":2,"minecraft:arrow":2,"minecraft:rotten_flesh":3,"minecraft:stone_axe":1,"minecraft:oak_sapling":11,"minecraft:mutton":36,"minecraft:black_wool":4,"minecraft:coal":340,"minecraft:cobblestone":84,"minecraft:white_wool":18},"minecraft:mined":{"minecraft:white_bed":2,"minecraft:smoker":4,"minecraft:crafting_table":7,"minecraft:short_grass":5,"minecraft:copper_ore":1,"minecraft:tall_grass":8,"minecraft:cobblestone":4,"minecraft:oak_planks":3,"minecraft:furnace":1,"minecraft:iron_ore":5,"minecraft:oak_log":3,"minecraft:coal_ore":156,"minecraft:sand":1,"minecraft:stripped_oak_log":4,"minecraft:stone":77,"minecraft:oak_leaves":1},"minecraft:custom":{"minecraft:interact_with_furnace":2,"minecraft:mob_kills":48,"minecraft:interact_with_crafting_table":18,"minecraft:time_since_death":52716,"minecraft:sleep_in_bed":1,"minecraft:time_since_rest":44680,"minecraft:sprint_one_cm":143799,"minecraft:damage_taken":1004,"minecraft:walk_one_cm":60782,"minecraft:drop":15,"minecraft:damage_dealt":5350,"minecraft:swim_one_cm":9177,"minecraft:fly_one_cm":287246,"minecraft:open_chest":2,"minecraft:crouch_one_cm":4395,"minecraft:play_time":52716,"minecraft:sneak_time":1277,"minecraft:walk_under_water_one_cm":1880,"minecraft:boat_one_cm":11630,"minecraft:jump":1370,"minecraft:interact_with_blast_furnace":2,"minecraft:walk_on_water_one_cm":11107,"minecraft:total_world_time":52716,"minecraft:interact_with_smoker":14,"minecraft:fall_one_cm":47180},"minecraft:dropped":{"minecraft:stone_axe":1,"minecraft:wheat_seeds":1,"minecraft:raw_copper":3,"minecraft:rotten_flesh":3,"minecraft:leather":3,"minecraft:gunpowder":1,"minecraft:oak_sapling":9,"minecraft:sand":1,"minecraft:arrow":2,"minecraft:wooden_pickaxe":1,"minecraft:bone":2,"minecraft:black_wool":4},"minecraft:used":{"minecraft:cooked_mutton":7,"minecraft:stone_pickaxe":238,"minecraft:oak_planks":41,"minecraft:wooden_pickaxe":10,"minecraft:torch":39,"minecraft:spyglass":4,"minecraft:crafting_table":8,"minecraft:white_bed":2,"minecraft:smoker":4,"minecraft:iron_pickaxe":2,"minecraft:stone_axe":76,"minecraft:golden_sword":35,"minecraft:cobblestone":36,"minecraft:oak_sapling":2,"minecraft:furnace":1,"minecraft:oak_boat":1,"minecraft:cooked_beef":9},"minecraft:killed":{"minecraft:zombie_villager":1,"minecraft:spider":2,"minecraft:creeper":1,"minecraft:skeleton":1,"minecraft:sheep":22,"minecraft:horse":2,"minecraft:zombie":2,"minecraft:drowned":1,"minecraft:cow":16},"minecraft:crafted":{"minecraft:cooked_beef":7,"minecraft:oak_door":3,"minecraft:oak_planks":132,"minecraft:leather_boots":1,"minecraft:crafting_table":1,"minecraft:wooden_pickaxe":1,"minecraft:furnace":1,"minecraft:leather_helmet":1,"minecraft:stone_axe":2,"minecraft:cooked_mutton":7,"minecraft:air":0,"minecraft:oak_boat":1,"minecraft:shield":1,"minecraft:stick":28,"minecraft:iron_ingot":1,"minecraft:iron_pickaxe":1,"minecraft:stone_pickaxe":2,"minecraft:white_bed":1,"minecraft:torch":76,"minecraft:smoker":1},"minecraft:broken":{"minecraft:stone_pickaxe":1,"minecraft:golden_sword":1,"minecraft:stone_axe":1}},"DataVersion":3953}