{"stats":{"minecraft:picked_up":{"minecraft:fishing_rod":1,"minecraft:crafting_table":12,"minecraft:chicken":2,"minecraft:potion":2,"minecraft:shield":1,"minecraft:raw_copper":3,"minecraft:cooked_salmon":2,"minecraft:flint_and_steel":1,"minecraft:smooth_stone":3,"minecraft:beef":38,"minecraft:iron_pickaxe":1,"minecraft:furnace":5,"minecraft:raw_iron":56,"minecraft:stick":23,"minecraft:oak_door":1,"minecraft:torch":22,"minecraft:porkchop":79,"minecraft:redstone":4,"minecraft:golden_chestplate":1,"minecraft:tnt":1,"minecraft:arrow":7,"minecraft:rotten_flesh":6,"minecraft:cooked_cod":4,"minecraft:gold_ingot":8,"minecraft:mutton":40,"minecraft:cobblestone":177,"minecraft:white_wool":21,"minecraft:stripped_oak_log":8,"minecraft:magma_block":1,"minecraft:feather":4,"minecraft:cooked_beef":49,"minecraft:salmon":1,"minecraft:leather":20,"minecraft:smoker":9,"minecraft:oak_log":59,"minecraft:gunpowder":1,"minecraft:dirt":16,"minecraft:leather_boots":1,"minecraft:cooked_mutton":54,"minecraft:bone":9,"minecraft:wheat_seeds":2,"minecraft:iron_ingot":13,"minecraft:stone_pickaxe":1,"minecraft:mossy_stone_bricks":1,"minecraft:iron_sword":1,"minecraft:oak_planks":61,"minecraft:cooked_porkchop":47,"minecraft:spyglass":2,"minecraft:gravel":3,"minecraft:sand":5,"minecraft:blast_furnace":1,"minecraft:white_bed":5,"minecraft:spider_eye":1,"minecraft:sugar":1,"minecraft:stone_axe":2,"minecraft:emerald":7,"minecraft:oak_sapling":18,"minecraft:black_wool":4,"minecraft:coal":735},"minecraft:mined":{"minecraft:white_bed":4,"minecraft:oak_door":1,"minecraft:magma_block":1,"minecraft:furnace":4,"minecraft:iron_ore":47,"minecraft:fire":7,"minecraft:stripped_oak_log":8,"minecraft:stone":111,"minecraft:smoker":8,"minecraft:crafting_table":11,"minecraft:torch":1,"minecraft:short_grass":11,"minecraft:blast_furnace":1,"minecraft:cobblestone":6,"minecraft:copper_ore":1,"minecraft:tall_grass":8,"minecraft:oak_planks":5,"minecraft:birch_leaves":2,"minecraft:tnt":1,"minecraft:coal_ore":186,"minecraft:oak_log":8,"minecraft:gravel":3,"minecraft:sand":5,"minecraft:stone_bricks":2,"minecraft:mossy_stone_bricks":2,"minecraft:oak_leaves":6},"minecraft:killed_by":{"minecraft:skeleton":1},"minecraft:custom":{"minecraft:mob_kills":98,"minecraft:interact_with_crafting_table":28,"minecraft:leave_game":2,"minecraft:time_since_death":25888,"minecraft:sprint_one_cm":302491,"minecraft:walk_one_cm":117037,"minecraft:damage_blocked_by_shield":361,"minecraft:drop":61,"minecraft:play_time":97172,"minecraft:deaths":1,"minecraft:sneak_time":2075,"minecraft:walk_under_water_one_cm":5777,"minecraft:boat_one_cm":23151,"minecraft:jump":3019,"minecraft:interact_with_blast_furnace":9,"minecraft:walk_on_water_one_cm":17461,"minecraft:total_world_time":97172,"minecraft:interact_with_furnace":12,"minecraft:sleep_in_bed":4,"minecraft:time_since_rest":7523,"minecraft:damage_taken":2431,"minecraft:damage_dealt":11331,"minecraft:swim_one_cm":60882,"minecraft:fly_one_cm":614437,"minecraft:open_chest":8,"minecraft:crouch_one_cm":5484,"minecraft:fish_caught":1,"minecraft:interact_with_smoker":31,"minecraft:fall_one_cm":91937,"minecraft:horse_one_cm":4056},"minecraft:dropped":{"minecraft:wheat_seeds":2,"minecraft:cooked_beef":16,"minecraft:feather":4,"minecraft:leather":11,"minecraft:leather_helmet":1,"minecraft:dirt":16,"minecraft:wooden_axe":1,"minecraft:cooked_cod":8,"minecraft:cooked_salmon":4,"minecraft:potion":2,"minecraft:sand":1,"minecraft:sugar":1,"minecraft:fishing_rod":4,"minecraft:white_wool":18,"minecraft:bone":7,"minecraft:redstone":4,"minecraft:oak_door":1,"minecraft:gravel":3,"minecraft:stone_axe":1,"minecraft:golden_chestplate":1,"minecraft:raw_copper":3,"minecraft:chicken":2,"minecraft:rotten_flesh":6,"minecraft:cooked_mutton":8,"minecraft:filled_map":1,"minecraft:gunpowder":1,"minecraft:mossy_stone_bricks":1,"minecraft:leather_boots":1,"minecraft:oak_sapling":16,"minecraft:spider_eye":1,"minecraft:arrow":7,"minecraft:wooden_pickaxe":2,"minecraft:magma_block":1,"minecraft:black_wool":4},"minecraft:used":{"minecraft:flint_and_steel":9,"minecraft:shield":6,"minecraft:iron_sword":79,"minecraft:oak_door":3,"minecraft:torch":66,"minecraft:spyglass":4,"minecraft:wooden_axe":14,"minecraft:golden_sword":35,"minecraft:oak_sapling":2,"minecraft:furnace":4,"minecraft:cooked_beef":16,"minecraft:cooked_mutton":10,"minecraft:stone_pickaxe":356,"minecraft:oak_planks":62,"minecraft:wooden_pickaxe":13,"minecraft:salmon":1,"minecraft:sand":4,"minecraft:tnt":2,"minecraft:crafting_table":13,"minecraft:blast_furnace":1,"minecraft:white_bed":4,"minecraft:smoker":8,"minecraft:iron_pickaxe":2,"minecraft:stone_axe":109,"minecraft:fishing_rod":1,"minecraft:cobblestone":43,"minecraft:cooked_porkchop":5,"minecraft:oak_boat":1},"minecraft:killed":{"minecraft:witch":1,"minecraft:spider":3,"minecraft:horse":2,"minecraft:skeleton":5,"minecraft:chicken":2,"minecraft:drowned":3,"minecraft:pig":23,"minecraft:zombie_villager":1,"minecraft:creeper":1,"minecraft:sheep":25,"minecraft:zombie":12,"minecraft:cow":20},"minecraft:crafted":{"minecraft:oak_door":3,"minecraft:oak_planks":236,"minecraft:leather_boots":1,"minecraft:furnace":3,"minecraft:blast_furnace":1,"minecraft:stone":3,"minecraft:cooked_mutton":7,"minecraft:flint_and_steel":1,"minecraft:iron_boots":1,"minecraft:stone_pickaxe":4,"minecraft:smoker":2,"minecraft:cooked_beef":17,"minecraft:crafting_table":2,"minecraft:wooden_pickaxe":2,"minecraft:iron_helmet":1,"minecraft:leather_helmet":1,"minecraft:stone_axe":5,"minecraft:air":0,"minecraft:oak_boat":1,"minecraft:iron_chestplate":1,"minecraft:shield":1,"minecraft:stick":36,"minecraft:iron_ingot":21,"minecraft:iron_pickaxe":1,"minecraft:wooden_axe":1,"minecraft:iron_leggings":1,"minecraft:white_bed":1,"minecraft:torch":76},"minecraft:broken":{"minecraft:stone_pickaxe":1,"minecraft:golden_sword":1,"minecraft:stone_axe":1}},"DataVersion":3953}