{"stats":{"minecraft:picked_up":{"minecraft:stripped_oak_log":4,"minecraft:raw_iron":3,"minecraft:stick":10,"minecraft:crafting_table":3,"minecraft:leather":3,"minecraft:smoker":1,"minecraft:sand":1,"minecraft:oak_log":33,"minecraft:white_bed":2,"minecraft:beef":7,"minecraft:iron_ingot":3,"minecraft:oak_planks":1,"minecraft:oak_sapling":11,"minecraft:black_wool":2,"minecraft:mutton":18,"minecraft:coal":83,"minecraft:white_wool":9,"minecraft:cobblestone":14,"minecraft:furnace":1},"minecraft:mined":{"minecraft:white_bed":2,"minecraft:furnace":1,"minecraft:iron_ore":3,"minecraft:smoker":1,"minecraft:crafting_table":3,"minecraft:short_grass":3,"minecraft:coal_ore":29,"minecraft:oak_log":3,"minecraft:sand":1,"minecraft:stripped_oak_log":4,"minecraft:tall_grass":4,"minecraft:oak_planks":1,"minecraft:stone":14,"minecraft:oak_leaves":1},"minecraft:custom":{"minecraft:time_since_rest":8680,"minecraft:interact_with_furnace":2,"minecraft:sprint_one_cm":68807,"minecraft:damage_taken":500,"minecraft:walk_one_cm":20789,"minecraft:mob_kills":19,"minecraft:drop":5,"minecraft:damage_dealt":2110,"minecraft:interact_with_crafting_table":8,"minecraft:fly_one_cm":144380,"minecraft:crouch_one_cm":749,"minecraft:play_time":16716,"minecraft:sneak_time":188,"minecraft:jump":636,"minecraft:walk_on_water_one_cm":1109,"minecraft:time_since_death":16716,"minecraft:sleep_in_bed":1,"minecraft:interact_with_smoker":7,"minecraft:total_world_time":16716,"minecraft:fall_one_cm":23337},"minecraft:dropped":{"minecraft:oak_sapling":9,"minecraft:sand":1,"minecraft:wooden_pickaxe":1,"minecraft:black_wool":1},"minecraft:used":{"minecraft:cooked_mutton":7,"minecraft:oak_planks":21,"minecraft:stone_pickaxe":39,"minecraft:iron_pickaxe":1,"minecraft:wooden_pickaxe":10,"minecraft:stone_axe":39,"minecraft:crafting_table":3,"minecraft:furnace":1,"minecraft:oak_sapling":2,"minecraft:cooked_beef":1,"minecraft:white_bed":2,"minecraft:smoker":2},"minecraft:crafted":{"minecraft:oak_planks":72,"minecraft:crafting_table":1,"minecraft:stick":8,"minecraft:wooden_pickaxe":1,"minecraft:iron_pickaxe":1,"minecraft:stone_pickaxe":1,"minecraft:furnace":1,"minecraft:white_bed":1,"minecraft:cooked_beef":7,"minecraft:stone_axe":1,"minecraft:air":0,"minecraft:cooked_mutton":7,"minecraft:smoker":1},"minecraft:killed":{"minecraft:sheep":11,"minecraft:horse":2,"minecraft:zombie":1,"minecraft:spider":1,"minecraft:cow":4}},"DataVersion":3953}