{"stats":{"minecraft:picked_up":{"minecraft:fishing_rod":3,"minecraft:iron_chestplate":1,"minecraft:crafting_table":2,"minecraft:leather_chestplate":1,"minecraft:feather":8,"minecraft:cooked_beef":25,"minecraft:chicken":4,"minecraft:andesite":1,"minecraft:leather":5,"minecraft:tuff":17,"minecraft:oak_log":131,"minecraft:gunpowder":3,"minecraft:string":2,"minecraft:cooked_salmon":2,"minecraft:cooked_mutton":8,"minecraft:bone":31,"minecraft:apple":6,"minecraft:bow":1,"minecraft:wheat_seeds":1,"minecraft:cobbled_deepslate":7,"minecraft:raw_gold":3,"minecraft:bucket":2,"minecraft:iron_ingot":30,"minecraft:beef":10,"minecraft:iron_pickaxe":1,"minecraft:iron_sword":1,"minecraft:oak_planks":124,"minecraft:furnace":1,"minecraft:golden_helmet":1,"minecraft:raw_iron":35,"minecraft:stick":60,"minecraft:sandstone":2,"minecraft:music_disc_13":1,"minecraft:torch":1,"minecraft:spyglass":1,"minecraft:sand":17,"minecraft:redstone":8,"minecraft:leather_helmet":1,"minecraft:arrow":8,"minecraft:rotten_flesh":45,"minecraft:cooked_cod":4,"minecraft:diamond":3,"minecraft:bread":2,"minecraft:oak_sapling":68,"minecraft:melon_seeds":2,"minecraft:coal":119,"minecraft:mutton":2,"minecraft:white_wool":17,"minecraft:cobblestone":104},"minecraft:mined":{"minecraft:tuff":19,"minecraft:deepslate_diamond_ore":3,"minecraft:crafting_table":2,"minecraft:torch":1,"minecraft:short_grass":2,"minecraft:cobblestone":1,"minecraft:deepslate_gold_ore":1,"minecraft:oak_planks":1,"minecraft:sculk":3,"minecraft:furnace":1,"minecraft:iron_ore":23,"minecraft:andesite":2,"minecraft:sculk_shrieker":2,"minecraft:deepslate_iron_ore":12,"minecraft:coal_ore":55,"minecraft:oak_log":5,"minecraft:sand":1,"minecraft:stone":53,"minecraft:gold_ore":2,"minecraft:deepslate":7},"minecraft:killed_by":{"minecraft:warden":1,"minecraft:skeleton":1,"minecraft:spider":1,"minecraft:zombie":2},"minecraft:custom":{"minecraft:interact_with_furnace":12,"minecraft:mob_kills":44,"minecraft:animals_bred":1,"minecraft:interact_with_crafting_table":7,"minecraft:leave_game":1,"minecraft:time_since_death":3853,"minecraft:time_since_rest":3888,"minecraft:sprint_one_cm":140575,"minecraft:damage_taken":3756,"minecraft:walk_one_cm":181217,"minecraft:drop":51,"minecraft:damage_dealt":3458,"minecraft:swim_one_cm":22950,"minecraft:fly_one_cm":156097,"minecraft:open_chest":1,"minecraft:crouch_one_cm":1131,"minecraft:play_time":68439,"minecraft:deaths":6,"minecraft:sneak_time":466,"minecraft:walk_under_water_one_cm":11853,"minecraft:jump":1654,"minecraft:interact_with_blast_furnace":2,"minecraft:walk_on_water_one_cm":22279,"minecraft:total_world_time":68439,"minecraft:fall_one_cm":43913},"minecraft:dropped":{"minecraft:wheat_seeds":1,"minecraft:cobbled_deepslate":1,"minecraft:diamond":3,"minecraft:rotten_flesh":37,"minecraft:coal":50,"minecraft:music_disc_13":1,"minecraft:gunpowder":1,"minecraft:melon_seeds":2,"minecraft:string":2,"minecraft:fishing_rod":3,"minecraft:bucket":1},"minecraft:used":{"minecraft:cooked_mutton":5,"minecraft:oak_planks":21,"minecraft:sandstone":2,"minecraft:iron_sword":91,"minecraft:cooked_salmon":2,"minecraft:iron_chestplate":1,"minecraft:torch":4,"minecraft:sand":17,"minecraft:spyglass":105,"minecraft:crafting_table":5,"minecraft:tuff":12,"minecraft:apple":6,"minecraft:iron_pickaxe":186,"minecraft:leather_helmet":1,"minecraft:stone_axe":6,"minecraft:bow":8,"minecraft:fishing_rod":6,"minecraft:cobblestone":39,"minecraft:oak_sapling":68,"minecraft:furnace":2,"minecraft:cooked_cod":4,"minecraft:andesite":1,"minecraft:cooked_beef":14,"minecraft:cobbled_deepslate":3},"minecraft:killed":{"minecraft:creeper":1,"minecraft:sheep":2,"minecraft:skeleton":2,"minecraft:zombie":7,"minecraft:chicken":3,"minecraft:cow":4},"minecraft:crafted":{"minecraft:cooked_beef":10,"minecraft:oak_planks":12,"minecraft:crafting_table":3,"minecraft:cooked_chicken":4,"minecraft:iron_sword":1,"minecraft:furnace":1,"minecraft:stone_axe":1,"minecraft:cooked_mutton":2,"minecraft:air":0,"minecraft:stick":8,"minecraft:iron_pickaxe":1,"minecraft:torch":12},"minecraft:broken":{"minecraft:golden_helmet":1,"minecraft:stone_axe":1}},"DataVersion":3953}