{"stats":{"minecraft:picked_up":{"minecraft:fishing_rod":3,"minecraft:crafting_table":2,"minecraft:iron_chestplate":1,"minecraft:leather_chestplate":1,"minecraft:feather":8,"minecraft:cooked_beef":25,"minecraft:chicken":4,"minecraft:andesite":1,"minecraft:leather":5,"minecraft:tuff":17,"minecraft:oak_log":131,"minecraft:gunpowder":3,"minecraft:string":2,"minecraft:cooked_salmon":2,"minecraft:cooked_mutton":8,"minecraft:bone":31,"minecraft:apple":6,"minecraft:bow":1,"minecraft:wheat_seeds":2,"minecraft:cobbled_deepslate":7,"minecraft:raw_gold":3,"minecraft:bucket":2,"minecraft:beef":10,"minecraft:iron_ingot":30,"minecraft:iron_pickaxe":1,"minecraft:melon_slice":19,"minecraft:iron_sword":1,"minecraft:oak_planks":124,"minecraft:furnace":1,"minecraft:golden_helmet":1,"minecraft:stick":60,"minecraft:raw_iron":35,"minecraft:sandstone":2,"minecraft:cooked_porkchop":19,"minecraft:music_disc_13":1,"minecraft:torch":1,"minecraft:spyglass":1,"minecraft:porkchop":8,"minecraft:sand":17,"minecraft:white_bed":1,"minecraft:redstone":8,"minecraft:leather_helmet":1,"minecraft:arrow":8,"minecraft:rotten_flesh":45,"minecraft:cooked_cod":4,"minecraft:diamond":3,"minecraft:bread":2,"minecraft:oak_sapling":68,"minecraft:melon_seeds":2,"minecraft:mutton":4,"minecraft:coal":119,"minecraft:white_wool":18,"minecraft:cobblestone":104},"minecraft:mined":{"minecraft:tuff":19,"minecraft:deepslate_diamond_ore":3,"minecraft:crafting_table":2,"minecraft:torch":1,"minecraft:short_grass":21,"minecraft:melon":4,"minecraft:cobblestone":1,"minecraft:deepslate_gold_ore":1,"minecraft:oak_planks":1,"minecraft:sculk":3,"minecraft:furnace":1,"minecraft:iron_ore":23,"minecraft:andesite":2,"minecraft:sculk_shrieker":2,"minecraft:coal_ore":55,"minecraft:oak_log":5,"minecraft:deepslate_iron_ore":12,"minecraft:sand":1,"minecraft:stone":53,"minecraft:gold_ore":2,"minecraft:fern":8,"minecraft:deepslate":7},"minecraft:killed_by":{"minecraft:warden":1,"minecraft:skeleton":1,"minecraft:spider":1,"minecraft:zombie":2},"minecraft:custom":{"minecraft:interact_with_furnace":12,"minecraft:mob_kills":48,"minecraft:animals_bred":1,"minecraft:interact_with_crafting_table":12,"minecraft:leave_game":3,"minecraft:time_since_death":18835,"minecraft:climb_one_cm":1624,"minecraft:time_since_rest":18870,"minecraft:sprint_one_cm":161740,"minecraft:damage_taken":3800,"minecraft:walk_one_cm":200912,"minecraft:drop":52,"minecraft:damage_dealt":3838,"minecraft:swim_one_cm":24818,"minecraft:fly_one_cm":185707,"minecraft:open_chest":2,"minecraft:crouch_one_cm":1131,"minecraft:play_time":83421,"minecraft:deaths":6,"minecraft:sneak_time":466,"minecraft:walk_under_water_one_cm":15491,"minecraft:jump":1961,"minecraft:interact_with_blast_furnace":2,"minecraft:walk_on_water_one_cm":32562,"minecraft:total_world_time":83421,"minecraft:fall_one_cm":48939},"minecraft:dropped":{"minecraft:wheat_seeds":2,"minecraft:cobbled_deepslate":1,"minecraft:diamond":3,"minecraft:rotten_flesh":37,"minecraft:coal":50,"minecraft:music_disc_13":1,"minecraft:gunpowder":1,"minecraft:melon_seeds":2,"minecraft:string":2,"minecraft:fishing_rod":3,"minecraft:bucket":1},"minecraft:used":{"minecraft:cooked_mutton":5,"minecraft:oak_planks":21,"minecraft:sandstone":2,"minecraft:iron_sword":106,"minecraft:cooked_salmon":3,"minecraft:iron_chestplate":2,"minecraft:torch":4,"minecraft:sand":17,"minecraft:spyglass":105,"minecraft:crafting_table":6,"minecraft:tuff":12,"minecraft:apple":6,"minecraft:melon_slice":2,"minecraft:bread":1,"minecraft:iron_pickaxe":188,"minecraft:leather_helmet":1,"minecraft:iron_boots":1,"minecraft:stone_axe":6,"minecraft:bow":8,"minecraft:fishing_rod":6,"minecraft:cobblestone":39,"minecraft:furnace":2,"minecraft:oak_sapling":68,"minecraft:cooked_cod":4,"minecraft:andesite":1,"minecraft:cooked_beef":14,"minecraft:cobbled_deepslate":3,"minecraft:iron_leggings":1},"minecraft:killed":{"minecraft:pig":3,"minecraft:creeper":1,"minecraft:skeleton":2,"minecraft:sheep":3,"minecraft:zombie":7,"minecraft:chicken":3,"minecraft:cow":4},"minecraft:crafted":{"minecraft:cooked_beef":10,"minecraft:oak_planks":12,"minecraft:crafting_table":4,"minecraft:cooked_chicken":4,"minecraft:iron_sword":1,"minecraft:furnace":1,"minecraft:stone_axe":1,"minecraft:cooked_mutton":2,"minecraft:air":0,"minecraft:iron_boots":1,"minecraft:iron_chestplate":1,"minecraft:stick":12,"minecraft:iron_pickaxe":2,"minecraft:iron_leggings":1,"minecraft:torch":12},"minecraft:broken":{"minecraft:golden_helmet":1,"minecraft:stone_axe":1}},"DataVersion":3953}