{"stats":{"minecraft:picked_up":{"minecraft:fishing_rod":3,"minecraft:crafting_table":2,"minecraft:leather_chestplate":1,"minecraft:feather":8,"minecraft:cooked_beef":15,"minecraft:chicken":4,"minecraft:andesite":1,"minecraft:leather":5,"minecraft:tuff":17,"minecraft:oak_log":131,"minecraft:gunpowder":2,"minecraft:string":2,"minecraft:cooked_salmon":2,"minecraft:cooked_mutton":8,"minecraft:bone":7,"minecraft:apple":6,"minecraft:wheat_seeds":1,"minecraft:cobbled_deepslate":6,"minecraft:iron_ingot":6,"minecraft:beef":10,"minecraft:iron_pickaxe":1,"minecraft:oak_planks":45,"minecraft:furnace":1,"minecraft:golden_helmet":1,"minecraft:stick":60,"minecraft:sandstone":2,"minecraft:torch":1,"minecraft:spyglass":1,"minecraft:sand":17,"minecraft:leather_helmet":1,"minecraft:arrow":2,"minecraft:rotten_flesh":8,"minecraft:cooked_cod":4,"minecraft:diamond":3,"minecraft:oak_sapling":68,"minecraft:coal":35,"minecraft:mutton":2,"minecraft:white_wool":17,"minecraft:cobblestone":54},"minecraft:mined":{"minecraft:tuff":19,"minecraft:deepslate_diamond_ore":3,"minecraft:crafting_table":2,"minecraft:torch":1,"minecraft:short_grass":2,"minecraft:sculk":3,"minecraft:furnace":1,"minecraft:andesite":2,"minecraft:sculk_shrieker":2,"minecraft:coal_ore":35,"minecraft:oak_log":5,"minecraft:sand":1,"minecraft:stone":51,"minecraft:deepslate":6},"minecraft:killed_by":{"minecraft:warden":1,"minecraft:skeleton":1},"minecraft:custom":{"minecraft:interact_with_furnace":8,"minecraft:mob_kills":14,"minecraft:animals_bred":1,"minecraft:interact_with_crafting_table":6,"minecraft:time_since_death":31598,"minecraft:time_since_rest":31631,"minecraft:sprint_one_cm":93644,"minecraft:damage_taken":1349,"minecraft:walk_one_cm":111084,"minecraft:drop":16,"minecraft:damage_dealt":1544,"minecraft:swim_one_cm":22950,"minecraft:fly_one_cm":84255,"minecraft:crouch_one_cm":1131,"minecraft:play_time":40711,"minecraft:deaths":2,"minecraft:sneak_time":466,"minecraft:walk_under_water_one_cm":11853,"minecraft:jump":933,"minecraft:interact_with_blast_furnace":2,"minecraft:walk_on_water_one_cm":18235,"minecraft:total_world_time":40711,"minecraft:fall_one_cm":19317},"minecraft:dropped":{"minecraft:wheat_seeds":1,"minecraft:diamond":3,"minecraft:rotten_flesh":8,"minecraft:string":2,"minecraft:fishing_rod":3},"minecraft:used":{"minecraft:cooked_mutton":2,"minecraft:oak_planks":14,"minecraft:sandstone":2,"minecraft:iron_sword":36,"minecraft:cooked_salmon":2,"minecraft:torch":1,"minecraft:sand":17,"minecraft:spyglass":65,"minecraft:crafting_table":3,"minecraft:tuff":12,"minecraft:apple":6,"minecraft:iron_pickaxe":123,"minecraft:leather_helmet":1,"minecraft:stone_axe":6,"minecraft:fishing_rod":6,"minecraft:cobblestone":13,"minecraft:oak_sapling":68,"minecraft:furnace":1,"minecraft:cooked_cod":4,"minecraft:andesite":1,"minecraft:cooked_beef":2,"minecraft:cobbled_deepslate":3},"minecraft:killed":{"minecraft:sheep":2,"minecraft:skeleton":1,"minecraft:zombie":3,"minecraft:chicken":3,"minecraft:cow":4},"minecraft:crafted":{"minecraft:cooked_beef":8,"minecraft:oak_planks":12,"minecraft:crafting_table":2,"minecraft:iron_sword":1,"minecraft:furnace":1,"minecraft:stone_axe":1,"minecraft:cooked_mutton":2,"minecraft:air":0,"minecraft:stick":8,"minecraft:iron_pickaxe":1},"minecraft:broken":{"minecraft:stone_axe":1}},"DataVersion":3953}