{"stats":{"minecraft:picked_up":{"minecraft:fishing_rod":3,"minecraft:iron_chestplate":1,"minecraft:crafting_table":2,"minecraft:leather_chestplate":1,"minecraft:feather":8,"minecraft:cooked_beef":15,"minecraft:chicken":4,"minecraft:andesite":1,"minecraft:leather":5,"minecraft:tuff":17,"minecraft:oak_log":131,"minecraft:gunpowder":3,"minecraft:string":2,"minecraft:cooked_salmon":2,"minecraft:cooked_mutton":8,"minecraft:bone":9,"minecraft:apple":6,"minecraft:bow":1,"minecraft:wheat_seeds":1,"minecraft:cobbled_deepslate":7,"minecraft:raw_gold":3,"minecraft:iron_ingot":6,"minecraft:beef":10,"minecraft:iron_pickaxe":1,"minecraft:iron_sword":1,"minecraft:oak_planks":46,"minecraft:furnace":1,"minecraft:golden_helmet":1,"minecraft:raw_iron":35,"minecraft:stick":60,"minecraft:sandstone":2,"minecraft:torch":1,"minecraft:spyglass":1,"minecraft:sand":17,"minecraft:redstone":8,"minecraft:leather_helmet":1,"minecraft:arrow":8,"minecraft:rotten_flesh":45,"minecraft:cooked_cod":4,"minecraft:diamond":3,"minecraft:oak_sapling":68,"minecraft:coal":119,"minecraft:mutton":2,"minecraft:white_wool":17,"minecraft:cobblestone":104},"minecraft:mined":{"minecraft:tuff":19,"minecraft:deepslate_diamond_ore":3,"minecraft:crafting_table":2,"minecraft:torch":1,"minecraft:short_grass":2,"minecraft:cobblestone":1,"minecraft:deepslate_gold_ore":1,"minecraft:oak_planks":1,"minecraft:sculk":3,"minecraft:furnace":1,"minecraft:iron_ore":23,"minecraft:andesite":2,"minecraft:sculk_shrieker":2,"minecraft:deepslate_iron_ore":12,"minecraft:coal_ore":55,"minecraft:oak_log":5,"minecraft:sand":1,"minecraft:stone":53,"minecraft:gold_ore":2,"minecraft:deepslate":7},"minecraft:killed_by":{"minecraft:warden":1,"minecraft:skeleton":1,"minecraft:zombie":2},"minecraft:custom":{"minecraft:interact_with_furnace":12,"minecraft:mob_kills":39,"minecraft:animals_bred":1,"minecraft:interact_with_crafting_table":7,"minecraft:time_since_death":11,"minecraft:time_since_rest":46,"minecraft:sprint_one_cm":121002,"minecraft:damage_taken":3245,"minecraft:walk_one_cm":167244,"minecraft:drop":48,"minecraft:damage_dealt":3458,"minecraft:swim_one_cm":22950,"minecraft:fly_one_cm":124439,"minecraft:crouch_one_cm":1131,"minecraft:play_time":58711,"minecraft:deaths":4,"minecraft:sneak_time":466,"minecraft:walk_under_water_one_cm":11853,"minecraft:jump":1342,"minecraft:interact_with_blast_furnace":2,"minecraft:walk_on_water_one_cm":21164,"minecraft:total_world_time":58711,"minecraft:fall_one_cm":29118},"minecraft:dropped":{"minecraft:wheat_seeds":1,"minecraft:cobbled_deepslate":1,"minecraft:diamond":3,"minecraft:rotten_flesh":37,"minecraft:coal":50,"minecraft:gunpowder":1,"minecraft:string":2,"minecraft:fishing_rod":3},"minecraft:used":{"minecraft:cooked_mutton":5,"minecraft:oak_planks":14,"minecraft:sandstone":2,"minecraft:iron_sword":91,"minecraft:cooked_salmon":2,"minecraft:iron_chestplate":1,"minecraft:torch":4,"minecraft:sand":17,"minecraft:spyglass":105,"minecraft:crafting_table":5,"minecraft:tuff":12,"minecraft:apple":6,"minecraft:iron_pickaxe":186,"minecraft:leather_helmet":1,"minecraft:stone_axe":6,"minecraft:bow":8,"minecraft:fishing_rod":6,"minecraft:cobblestone":39,"minecraft:oak_sapling":68,"minecraft:furnace":2,"minecraft:cooked_cod":4,"minecraft:andesite":1,"minecraft:cooked_beef":14,"minecraft:cobbled_deepslate":3},"minecraft:killed":{"minecraft:creeper":1,"minecraft:sheep":2,"minecraft:skeleton":2,"minecraft:zombie":7,"minecraft:chicken":3,"minecraft:cow":4},"minecraft:crafted":{"minecraft:cooked_beef":10,"minecraft:oak_planks":12,"minecraft:crafting_table":3,"minecraft:cooked_chicken":4,"minecraft:iron_sword":1,"minecraft:furnace":1,"minecraft:stone_axe":1,"minecraft:cooked_mutton":2,"minecraft:air":0,"minecraft:stick":8,"minecraft:iron_pickaxe":1,"minecraft:torch":12},"minecraft:broken":{"minecraft:golden_helmet":1,"minecraft:stone_axe":1}},"DataVersion":3953}