{"stats":{"minecraft:picked_up":{"minecraft:fishing_rod":3,"minecraft:cocoa_beans":9,"minecraft:crafting_table":3,"minecraft:iron_chestplate":1,"minecraft:chicken":11,"minecraft:string":4,"minecraft:cooked_salmon":2,"minecraft:cobbled_deepslate":7,"minecraft:bucket":2,"minecraft:beef":10,"minecraft:jungle_sapling":9,"minecraft:iron_pickaxe":1,"minecraft:melon_slice":19,"minecraft:furnace":1,"minecraft:golden_helmet":1,"minecraft:raw_iron":35,"minecraft:stick":91,"minecraft:sandstone":2,"minecraft:torch":1,"minecraft:porkchop":8,"minecraft:redstone":8,"minecraft:rotten_flesh":45,"minecraft:arrow":8,"minecraft:cooked_cod":4,"minecraft:mutton":8,"minecraft:white_wool":21,"minecraft:cobblestone":126,"minecraft:leather_chestplate":1,"minecraft:feather":17,"minecraft:cooked_beef":25,"minecraft:andesite":1,"minecraft:jungle_log":82,"minecraft:leather":5,"minecraft:tuff":17,"minecraft:oak_log":170,"minecraft:gunpowder":3,"minecraft:cooked_mutton":8,"minecraft:bone":31,"minecraft:apple":8,"minecraft:bow":1,"minecraft:wheat_seeds":11,"minecraft:raw_gold":3,"minecraft:iron_ingot":30,"minecraft:oak_planks":124,"minecraft:iron_sword":1,"minecraft:cooked_porkchop":19,"minecraft:music_disc_13":1,"minecraft:spyglass":1,"minecraft:sand":17,"minecraft:jungle_planks":2,"minecraft:white_bed":2,"minecraft:spider_eye":1,"minecraft:leather_helmet":1,"minecraft:diamond":3,"minecraft:bread":2,"minecraft:oak_sapling":97,"minecraft:melon_seeds":2,"minecraft:coal":141},"minecraft:mined":{"minecraft:tuff":19,"minecraft:white_bed":1,"minecraft:deepslate_diamond_ore":3,"minecraft:jungle_planks":2,"minecraft:jungle_log":1,"minecraft:furnace":1,"minecraft:iron_ore":23,"minecraft:andesite":2,"minecraft:sculk_shrieker":2,"minecraft:deepslate_iron_ore":12,"minecraft:vine":5,"minecraft:stone":75,"minecraft:crafting_table":3,"minecraft:torch":1,"minecraft:short_grass":33,"minecraft:melon":4,"minecraft:cobblestone":1,"minecraft:deepslate_gold_ore":1,"minecraft:oak_planks":1,"minecraft:sculk":3,"minecraft:oak_log":10,"minecraft:coal_ore":77,"minecraft:sand":1,"minecraft:gold_ore":2,"minecraft:oak_leaves":1,"minecraft:deepslate":7,"minecraft:fern":11},"minecraft:killed_by":{"minecraft:spider":1,"minecraft:warden":1,"minecraft:skeleton":1,"minecraft:zombie":2},"minecraft:custom":{"minecraft:mob_kills":59,"minecraft:animals_bred":1,"minecraft:interact_with_crafting_table":14,"minecraft:leave_game":4,"minecraft:time_since_death":35836,"minecraft:climb_one_cm":3471,"minecraft:sprint_one_cm":192020,"minecraft:walk_one_cm":242235,"minecraft:drop":113,"minecraft:play_time":100422,"minecraft:deaths":6,"minecraft:sneak_time":669,"minecraft:walk_under_water_one_cm":15810,"minecraft:jump":2364,"minecraft:interact_with_blast_furnace":2,"minecraft:walk_on_water_one_cm":35494,"minecraft:total_world_time":100422,"minecraft:interact_with_furnace":24,"minecraft:sleep_in_bed":1,"minecraft:time_since_rest":3012,"minecraft:damage_taken":4088,"minecraft:damage_dealt":4518,"minecraft:swim_one_cm":24836,"minecraft:fly_one_cm":226397,"minecraft:open_chest":2,"minecraft:crouch_one_cm":1566,"minecraft:fall_one_cm":60989},"minecraft:dropped":{"minecraft:wheat_seeds":11,"minecraft:diamond":3,"minecraft:feather":9,"minecraft:prismarine_crystals":4,"minecraft:coal":50,"minecraft:music_disc_13":1,"minecraft:stick":1,"minecraft:jungle_sapling":9,"minecraft:string":4,"minecraft:fishing_rod":3,"minecraft:bucket":1,"minecraft:white_wool":4,"minecraft:cobbled_deepslate":1,"minecraft:cocoa_beans":9,"minecraft:rotten_flesh":37,"minecraft:oak_planks":2,"minecraft:gunpowder":1,"minecraft:melon_seeds":2,"minecraft:oak_sapling":29,"minecraft:spider_eye":1},"minecraft:used":{"minecraft:iron_sword":131,"minecraft:cooked_salmon":3,"minecraft:iron_chestplate":2,"minecraft:torch":4,"minecraft:spyglass":105,"minecraft:jungle_planks":9,"minecraft:tuff":12,"minecraft:iron_boots":1,"minecraft:bow":8,"minecraft:oak_sapling":68,"minecraft:furnace":3,"minecraft:cooked_cod":4,"minecraft:cooked_beef":14,"minecraft:cobbled_deepslate":3,"minecraft:iron_leggings":1,"minecraft:cooked_mutton":5,"minecraft:oak_planks":41,"minecraft:sandstone":2,"minecraft:sand":17,"minecraft:crafting_table":8,"minecraft:white_bed":1,"minecraft:apple":8,"minecraft:melon_slice":19,"minecraft:bread":1,"minecraft:iron_pickaxe":233,"minecraft:leather_helmet":1,"minecraft:stone_axe":25,"minecraft:fishing_rod":6,"minecraft:cobblestone":39,"minecraft:andesite":1},"minecraft:killed":{"minecraft:spider":1,"minecraft:skeleton":2,"minecraft:chicken":10,"minecraft:pig":3,"minecraft:creeper":1,"minecraft:sheep":6,"minecraft:zombie":7,"minecraft:cow":4},"minecraft:crafted":{"minecraft:oak_planks":12,"minecraft:cooked_chicken":11,"minecraft:furnace":2,"minecraft:cooked_mutton":2,"minecraft:iron_boots":1,"minecraft:cooked_beef":10,"minecraft:cooked_porkchop":4,"minecraft:crafting_table":5,"minecraft:iron_sword":1,"minecraft:stone_axe":2,"minecraft:air":0,"minecraft:jungle_planks":48,"minecraft:iron_chestplate":1,"minecraft:stick":12,"minecraft:iron_pickaxe":2,"minecraft:iron_leggings":1,"minecraft:torch":12},"minecraft:broken":{"minecraft:golden_helmet":1,"minecraft:stone_axe":1}},"DataVersion":3953}