{"stats":{"minecraft:picked_up":{"minecraft:crafting_table":1,"minecraft:cooked_beef":15,"minecraft:andesite":1,"minecraft:leather":4,"minecraft:torch":1,"minecraft:spyglass":1,"minecraft:tuff":17,"minecraft:oak_log":3,"minecraft:gunpowder":2,"minecraft:string":2,"minecraft:diamond":3,"minecraft:cobbled_deepslate":6,"minecraft:beef":8,"minecraft:iron_ingot":6,"minecraft:oak_sapling":7,"minecraft:iron_pickaxe":1,"minecraft:mutton":2,"minecraft:oak_planks":40,"minecraft:coal":3,"minecraft:white_wool":2,"minecraft:cobblestone":41},"minecraft:mined":{"minecraft:tuff":19,"minecraft:deepslate_diamond_ore":3,"minecraft:andesite":2,"minecraft:crafting_table":1,"minecraft:torch":1,"minecraft:short_grass":1,"minecraft:sculk_shrieker":2,"minecraft:coal_ore":3,"minecraft:stone":41,"minecraft:sculk":3,"minecraft:deepslate":6},"minecraft:killed_by":{"minecraft:warden":1,"minecraft:skeleton":1},"minecraft:custom":{"minecraft:time_since_rest":7631,"minecraft:damage_taken":625,"minecraft:sprint_one_cm":32682,"minecraft:walk_one_cm":40764,"minecraft:mob_kills":5,"minecraft:drop":5,"minecraft:damage_dealt":450,"minecraft:swim_one_cm":2496,"minecraft:interact_with_crafting_table":3,"minecraft:fly_one_cm":43342,"minecraft:crouch_one_cm":571,"minecraft:play_time":16711,"minecraft:deaths":2,"minecraft:sneak_time":257,"minecraft:walk_under_water_one_cm":1183,"minecraft:jump":467,"minecraft:interact_with_blast_furnace":2,"minecraft:walk_on_water_one_cm":1235,"minecraft:time_since_death":7598,"minecraft:total_world_time":16711,"minecraft:fall_one_cm":11961},"minecraft:dropped":{"minecraft:diamond":3,"minecraft:string":2},"minecraft:used":{"minecraft:iron_pickaxe":79,"minecraft:iron_sword":10,"minecraft:stone_axe":1,"minecraft:spyglass":4,"minecraft:cobblestone":13,"minecraft:crafting_table":3,"minecraft:andesite":1,"minecraft:cooked_beef":1,"minecraft:tuff":12,"minecraft:cobbled_deepslate":3},"minecraft:crafted":{"minecraft:crafting_table":2,"minecraft:stick":8,"minecraft:iron_pickaxe":1,"minecraft:iron_sword":1,"minecraft:stone_axe":1},"minecraft:killed":{"minecraft:sheep":2,"minecraft:cow":3}},"DataVersion":3953}