{"stats":{"minecraft:picked_up":{"minecraft:iron_pickaxe":1,"minecraft:diamond":3},"minecraft:mined":{"minecraft:deepslate_diamond_ore":3},"minecraft:killed_by":{"minecraft:skeleton":1},"minecraft:custom":{"minecraft:jump":107,"minecraft:time_since_rest":2892,"minecraft:crouch_one_cm":41,"minecraft:deaths":1,"minecraft:sprint_one_cm":6646,"minecraft:play_time":4711,"minecraft:damage_taken":275,"minecraft:time_since_death":2855,"minecraft:walk_one_cm":7792,"minecraft:sneak_time":111,"minecraft:total_world_time":4711,"minecraft:fall_one_cm":3356,"minecraft:fly_one_cm":5972},"minecraft:used":{"minecraft:iron_pickaxe":3}},"DataVersion":3953}