{"stats":{"minecraft:picked_up":{"minecraft:charcoal":2,"minecraft:crafting_table":8,"minecraft:leather":4,"minecraft:oak_log":354,"minecraft:gunpowder":1,"minecraft:string":11,"minecraft:dirt":88,"minecraft:cooked_mutton":7,"minecraft:apple":10,"minecraft:beef":21,"minecraft:stone_pickaxe":3,"minecraft:sugar_cane":6,"minecraft:oak_planks":12,"minecraft:furnace":5,"minecraft:stick":82,"minecraft:cooked_porkchop":12,"minecraft:torch":15,"minecraft:porkchop":24,"minecraft:spruce_sapling":1,"minecraft:white_bed":3,"minecraft:grass_block":1,"minecraft:spider_eye":2,"minecraft:rotten_flesh":1,"minecraft:stone_axe":3,"minecraft:oak_sapling":66,"minecraft:mutton":19,"minecraft:coal":98,"minecraft:white_wool":14,"minecraft:cobblestone":135},"minecraft:mined":{"minecraft:white_bed":1,"minecraft:oak_sapling":1,"minecraft:crafting_table":5,"minecraft:torch":3,"minecraft:short_grass":6,"minecraft:grass_block":11,"minecraft:campfire":1,"minecraft:sugar_cane":5,"minecraft:wall_torch":3,"minecraft:furnace":2,"minecraft:birch_leaves":3,"minecraft:oak_log":9,"minecraft:coal_ore":32,"minecraft:dirt":21,"minecraft:stone":52,"minecraft:oak_leaves":30},"minecraft:killed_by":{"minecraft:skeleton":1,"minecraft:creeper":1,"minecraft:zombie":1},"minecraft:custom":{"minecraft:interact_with_furnace":12,"minecraft:mob_kills":31,"minecraft:interact_with_crafting_table":17,"minecraft:interact_with_campfire":12,"minecraft:leave_game":3,"minecraft:time_since_death":4997,"minecraft:sleep_in_bed":1,"minecraft:time_since_rest":5031,"minecraft:sprint_one_cm":153571,"minecraft:damage_taken":2021,"minecraft:walk_one_cm":58180,"minecraft:drop":14,"minecraft:damage_dealt":4505,"minecraft:swim_one_cm":16714,"minecraft:fly_one_cm":145956,"minecraft:crouch_one_cm":5517,"minecraft:play_time":42436,"minecraft:deaths":3,"minecraft:sneak_time":1883,"minecraft:walk_under_water_one_cm":4175,"minecraft:jump":960,"minecraft:walk_on_water_one_cm":4626,"minecraft:total_world_time":42436,"minecraft:fall_one_cm":29366},"minecraft:dropped":{"minecraft:rotten_flesh":1,"minecraft:dirt":19,"minecraft:gunpowder":1,"minecraft:oak_sapling":21,"minecraft:spider_eye":2,"minecraft:wooden_pickaxe":1,"minecraft:string":7,"minecraft:white_wool":6},"minecraft:used":{"minecraft:stone_pickaxe":84,"minecraft:wooden_pickaxe":3,"minecraft:torch":7,"minecraft:dirt":23,"minecraft:crafting_table":6,"minecraft:white_bed":1,"minecraft:campfire":1,"minecraft:wooden_axe":4,"minecraft:apple":7,"minecraft:grass_block":1,"minecraft:string":1,"minecraft:spruce_sapling":1,"minecraft:stone_axe":91,"minecraft:cobblestone":5,"minecraft:porkchop":1,"minecraft:oak_sapling":25,"minecraft:furnace":3,"minecraft:cooked_porkchop":9,"minecraft:cooked_beef":3},"minecraft:killed":{"minecraft:pig":6,"minecraft:spider":6,"minecraft:sheep":9,"minecraft:zombie":3,"minecraft:cow":4,"minecraft:enderman":2},"minecraft:crafted":{"minecraft:cooked_beef":8,"minecraft:oak_planks":24,"minecraft:cooked_porkchop":4,"minecraft:crafting_table":1,"minecraft:wooden_pickaxe":1,"minecraft:furnace":1,"minecraft:campfire":1,"minecraft:stone_axe":2,"minecraft:cooked_mutton":3,"minecraft:air":0,"minecraft:stick":4,"minecraft:stone_pickaxe":1,"minecraft:wooden_axe":1,"minecraft:white_bed":1,"minecraft:torch":4},"minecraft:broken":{"minecraft:stone_axe":1,"minecraft:wooden_axe":1}},"DataVersion":3953}