{"stats":{"minecraft:picked_up":{"minecraft:wooden_axe":1,"minecraft:charcoal":4,"minecraft:iron_chestplate":1,"minecraft:crafting_table":20,"minecraft:wooden_pickaxe":1,"minecraft:shield":2,"minecraft:string":161,"minecraft:raw_copper":288,"minecraft:iron_axe":3,"minecraft:wooden_sword":1,"minecraft:cobbled_deepslate":27,"minecraft:beef":56,"minecraft:oak_boat":2,"minecraft:iron_pickaxe":4,"minecraft:sugar_cane":12,"minecraft:furnace":12,"minecraft:stick":119,"minecraft:raw_iron":109,"minecraft:oak_fence":2,"minecraft:torch":278,"minecraft:porkchop":29,"minecraft:redstone":54,"minecraft:stone_sword":6,"minecraft:arrow":10,"minecraft:rotten_flesh":13,"minecraft:hay_block":16,"minecraft:mutton":25,"minecraft:cobblestone":375,"minecraft:white_wool":18,"minecraft:cooked_beef":20,"minecraft:leather":30,"minecraft:oak_log":457,"minecraft:yellow_bed":1,"minecraft:gunpowder":1,"minecraft:lapis_lazuli":47,"minecraft:dirt":127,"minecraft:cooked_mutton":10,"minecraft:bone":8,"minecraft:apple":10,"minecraft:kelp":338,"minecraft:wheat_seeds":2,"minecraft:raw_gold":28,"minecraft:stone_pickaxe":10,"minecraft:iron_ingot":7,"minecraft:oak_planks":829,"minecraft:iron_sword":1,"minecraft:cooked_porkchop":15,"minecraft:sweet_berries":3,"minecraft:gravel":1,"minecraft:spruce_sapling":1,"minecraft:white_bed":6,"minecraft:grass_block":1,"minecraft:spider_eye":4,"minecraft:diamond":9,"minecraft:stone_axe":6,"minecraft:granite":9,"minecraft:bread":285,"minecraft:oak_sapling":67,"minecraft:coal":398},"minecraft:mined":{"minecraft:white_bed":4,"minecraft:oak_sapling":1,"minecraft:deepslate_diamond_ore":8,"minecraft:granite":6,"minecraft:grass_block":17,"minecraft:spruce_leaves":2,"minecraft:kelp":4,"minecraft:spawner":1,"minecraft:hay_block":16,"minecraft:tall_seagrass":3,"minecraft:furnace":8,"minecraft:iron_ore":44,"minecraft:fire":1,"minecraft:deepslate_lapis_ore":5,"minecraft:deepslate_iron_ore":10,"minecraft:stone":106,"minecraft:deepslate_redstone_ore":12,"minecraft:kelp_plant":55,"minecraft:oak_fence":2,"minecraft:crafting_table":12,"minecraft:torch":13,"minecraft:short_grass":33,"minecraft:campfire":2,"minecraft:tall_grass":1,"minecraft:copper_ore":9,"minecraft:cobblestone":3,"minecraft:deepslate_gold_ore":15,"minecraft:lapis_ore":3,"minecraft:oak_planks":10,"minecraft:sugar_cane":5,"minecraft:wall_torch":11,"minecraft:seagrass":2,"minecraft:sweet_berry_bush":1,"minecraft:birch_leaves":3,"minecraft:yellow_bed":1,"minecraft:oak_log":15,"minecraft:coal_ore":108,"minecraft:dirt":32,"minecraft:cobweb":38,"minecraft:gold_ore":3,"minecraft:oak_leaves":30,"minecraft:deepslate":15},"minecraft:killed_by":{"minecraft:creeper":2,"minecraft:cave_spider":1,"minecraft:skeleton":7,"minecraft:zombie":2},"minecraft:custom":{"minecraft:mob_kills":86,"minecraft:interact_with_crafting_table":63,"minecraft:interact_with_campfire":15,"minecraft:leave_game":11,"minecraft:time_since_death":12135,"minecraft:climb_one_cm":1366,"minecraft:sprint_one_cm":544251,"minecraft:walk_one_cm":192506,"minecraft:damage_blocked_by_shield":1583,"minecraft:drop":42,"minecraft:talked_to_villager":4,"minecraft:play_time":163300,"minecraft:deaths":14,"minecraft:sneak_time":10572,"minecraft:walk_under_water_one_cm":13751,"minecraft:boat_one_cm":315331,"minecraft:jump":3858,"minecraft:walk_on_water_one_cm":42671,"minecraft:total_world_time":163300,"minecraft:interact_with_furnace":115,"minecraft:sleep_in_bed":5,"minecraft:time_since_rest":12171,"minecraft:damage_taken":9227,"minecraft:damage_dealt":13588,"minecraft:swim_one_cm":73747,"minecraft:fly_one_cm":858688,"minecraft:open_chest":12,"minecraft:crouch_one_cm":26323,"minecraft:fall_one_cm":167366},"minecraft:dropped":{"minecraft:bread":5,"minecraft:wheat_seeds":2,"minecraft:dirt":19,"minecraft:wooden_axe":1,"minecraft:wooden_sword":1,"minecraft:iron_pickaxe":1,"minecraft:string":7,"minecraft:white_wool":6,"minecraft:stone_axe":1,"minecraft:stone_sword":2,"minecraft:rotten_flesh":13,"minecraft:gunpowder":1,"minecraft:oak_sapling":21,"minecraft:spider_eye":4,"minecraft:wooden_pickaxe":3,"minecraft:stone_pickaxe":2},"minecraft:used":{"minecraft:oak_fence":2,"minecraft:stone_sword":28,"minecraft:chest":2,"minecraft:shield":16,"minecraft:iron_sword":66,"minecraft:iron_chestplate":1,"minecraft:torch":76,"minecraft:dirt":52,"minecraft:granite":9,"minecraft:wooden_axe":4,"minecraft:iron_axe":51,"minecraft:grass_block":1,"minecraft:iron_boots":1,"minecraft:oak_sapling":25,"minecraft:furnace":11,"minecraft:cooked_beef":16,"minecraft:cooked_mutton":9,"minecraft:stone_pickaxe":183,"minecraft:oak_planks":37,"minecraft:wooden_pickaxe":11,"minecraft:crafting_table":16,"minecraft:white_bed":5,"minecraft:campfire":2,"minecraft:oak_log":5,"minecraft:apple":7,"minecraft:bread":41,"minecraft:string":1,"minecraft:iron_pickaxe":169,"minecraft:spruce_sapling":1,"minecraft:stone_axe":169,"minecraft:cobblestone":39,"minecraft:cooked_porkchop":17,"minecraft:porkchop":1,"minecraft:bucket":1,"minecraft:yellow_bed":1,"minecraft:oak_boat":2},"minecraft:killed":{"minecraft:cave_spider":3,"minecraft:spider":9,"minecraft:skeleton":5,"minecraft:pig":10,"minecraft:iron_golem":1,"minecraft:bat":1,"minecraft:sheep":13,"minecraft:zombie":18,"minecraft:enderman":2,"minecraft:cow":22},"minecraft:crafted":{"minecraft:oak_planks":264,"minecraft:furnace":4,"minecraft:cooked_mutton":12,"minecraft:iron_boots":1,"minecraft:iron_axe":3,"minecraft:stone_pickaxe":3,"minecraft:chest":2,"minecraft:wheat":144,"minecraft:cooked_beef":41,"minecraft:cooked_porkchop":9,"minecraft:crafting_table":6,"minecraft:wooden_pickaxe":2,"minecraft:iron_sword":2,"minecraft:bucket":1,"minecraft:campfire":2,"minecraft:stone_axe":3,"minecraft:bread":48,"minecraft:air":0,"minecraft:oak_boat":1,"minecraft:iron_chestplate":2,"minecraft:shield":2,"minecraft:stick":28,"minecraft:iron_ingot":54,"minecraft:iron_pickaxe":2,"minecraft:wooden_axe":1,"minecraft:stone_sword":1,"minecraft:iron_leggings":1,"minecraft:white_bed":1,"minecraft:torch":68},"minecraft:broken":{"minecraft:stone_pickaxe":1,"minecraft:stone_axe":2,"minecraft:wooden_axe":1}},"DataVersion":3953}