{"stats":{"minecraft:picked_up":{"minecraft:wooden_axe":1,"minecraft:charcoal":4,"minecraft:iron_chestplate":9,"minecraft:crafting_table":30,"minecraft:wooden_pickaxe":1,"minecraft:shield":8,"minecraft:string":167,"minecraft:raw_copper":288,"minecraft:iron_axe":7,"minecraft:wooden_sword":1,"minecraft:cobbled_deepslate":32,"minecraft:beef":187,"minecraft:oak_boat":2,"minecraft:iron_pickaxe":4,"minecraft:sugar_cane":12,"minecraft:furnace":12,"minecraft:stick":151,"minecraft:raw_iron":128,"minecraft:oak_fence":2,"minecraft:torch":457,"minecraft:porkchop":29,"minecraft:diorite":6,"minecraft:redstone":54,"minecraft:stone_sword":6,"minecraft:arrow":59,"minecraft:rotten_flesh":59,"minecraft:hay_block":16,"minecraft:mutton":25,"minecraft:cobblestone":546,"minecraft:white_wool":18,"minecraft:cooked_beef":42,"minecraft:glow_ink_sac":52,"minecraft:water_bucket":5,"minecraft:andesite":14,"minecraft:leather":63,"minecraft:oak_log":660,"minecraft:yellow_bed":1,"minecraft:gunpowder":1,"minecraft:lapis_lazuli":47,"minecraft:dirt":128,"minecraft:cooked_mutton":10,"minecraft:bone":26,"minecraft:apple":16,"minecraft:kelp":338,"minecraft:bow":4,"minecraft:wheat_seeds":2,"minecraft:raw_gold":28,"minecraft:stone_pickaxe":10,"minecraft:iron_ingot":49,"minecraft:oak_planks":1868,"minecraft:iron_sword":4,"minecraft:cooked_porkchop":15,"minecraft:sweet_berries":3,"minecraft:gravel":1,"minecraft:spruce_sapling":1,"minecraft:white_bed":6,"minecraft:grass_block":1,"minecraft:spider_eye":4,"minecraft:diamond":9,"minecraft:stone_axe":6,"minecraft:granite":10,"minecraft:bread":285,"minecraft:oak_sapling":73,"minecraft:coal":872},"minecraft:mined":{"minecraft:white_bed":4,"minecraft:oak_sapling":1,"minecraft:deepslate_diamond_ore":8,"minecraft:granite":6,"minecraft:grass_block":18,"minecraft:spruce_leaves":2,"minecraft:kelp":4,"minecraft:spawner":1,"minecraft:hay_block":16,"minecraft:tall_seagrass":3,"minecraft:furnace":8,"minecraft:iron_ore":63,"minecraft:fire":1,"minecraft:deepslate_lapis_ore":5,"minecraft:deepslate_iron_ore":10,"minecraft:stone":139,"minecraft:deepslate_redstone_ore":12,"minecraft:kelp_plant":55,"minecraft:oak_fence":2,"minecraft:crafting_table":12,"minecraft:torch":14,"minecraft:short_grass":34,"minecraft:campfire":2,"minecraft:tall_grass":1,"minecraft:copper_ore":9,"minecraft:cobblestone":3,"minecraft:deepslate_gold_ore":15,"minecraft:lapis_ore":3,"minecraft:oak_planks":11,"minecraft:sugar_cane":5,"minecraft:wall_torch":14,"minecraft:seagrass":2,"minecraft:sweet_berry_bush":1,"minecraft:birch_leaves":3,"minecraft:yellow_bed":1,"minecraft:oak_log":15,"minecraft:coal_ore":191,"minecraft:dirt":32,"minecraft:cobweb":38,"minecraft:gold_ore":3,"minecraft:oak_leaves":30,"minecraft:deepslate":15},"minecraft:killed_by":{"minecraft:creeper":5,"minecraft:cave_spider":1,"minecraft:skeleton":14,"minecraft:zombie":3},"minecraft:custom":{"minecraft:mob_kills":114,"minecraft:interact_with_crafting_table":73,"minecraft:interact_with_campfire":15,"minecraft:leave_game":11,"minecraft:time_since_death":8575,"minecraft:climb_one_cm":1366,"minecraft:sprint_one_cm":655541,"minecraft:walk_one_cm":240197,"minecraft:damage_blocked_by_shield":1658,"minecraft:drop":54,"minecraft:talked_to_villager":4,"minecraft:play_time":205300,"minecraft:deaths":25,"minecraft:sneak_time":14399,"minecraft:walk_under_water_one_cm":37880,"minecraft:boat_one_cm":315331,"minecraft:jump":4739,"minecraft:walk_on_water_one_cm":77408,"minecraft:total_world_time":205300,"minecraft:interact_with_furnace":115,"minecraft:sleep_in_bed":5,"minecraft:time_since_rest":8601,"minecraft:damage_taken":13359,"minecraft:damage_dealt":18074,"minecraft:swim_one_cm":82208,"minecraft:fly_one_cm":1657722,"minecraft:open_chest":14,"minecraft:crouch_one_cm":36992,"minecraft:fall_one_cm":197987},"minecraft:dropped":{"minecraft:bread":5,"minecraft:iron_sword":1,"minecraft:wheat_seeds":2,"minecraft:oak_log":38,"minecraft:dirt":20,"minecraft:wooden_axe":1,"minecraft:wooden_sword":1,"minecraft:iron_pickaxe":1,"minecraft:string":9,"minecraft:white_wool":6,"minecraft:stone_axe":1,"minecraft:stone_sword":2,"minecraft:rotten_flesh":35,"minecraft:gunpowder":1,"minecraft:iron_chestplate":1,"minecraft:andesite":2,"minecraft:oak_sapling":27,"minecraft:spider_eye":4,"minecraft:wooden_pickaxe":3,"minecraft:stone_pickaxe":2},"minecraft:used":{"minecraft:oak_fence":2,"minecraft:stone_sword":28,"minecraft:chest":2,"minecraft:shield":17,"minecraft:iron_sword":122,"minecraft:iron_chestplate":6,"minecraft:torch":109,"minecraft:dirt":52,"minecraft:granite":10,"minecraft:wooden_axe":4,"minecraft:iron_axe":79,"minecraft:grass_block":1,"minecraft:iron_boots":2,"minecraft:bow":3,"minecraft:beef":1,"minecraft:oak_sapling":26,"minecraft:furnace":11,"minecraft:cooked_beef":28,"minecraft:cobbled_deepslate":1,"minecraft:iron_leggings":1,"minecraft:cooked_mutton":9,"minecraft:water_bucket":12,"minecraft:diorite":3,"minecraft:stone_pickaxe":183,"minecraft:oak_planks":44,"minecraft:wooden_pickaxe":11,"minecraft:crafting_table":17,"minecraft:white_bed":5,"minecraft:campfire":2,"minecraft:oak_log":10,"minecraft:apple":8,"minecraft:bread":41,"minecraft:string":1,"minecraft:iron_pickaxe":304,"minecraft:spruce_sapling":1,"minecraft:stone_axe":169,"minecraft:cobblestone":39,"minecraft:cooked_porkchop":17,"minecraft:porkchop":1,"minecraft:andesite":2,"minecraft:bucket":12,"minecraft:yellow_bed":1,"minecraft:oak_boat":2},"minecraft:killed":{"minecraft:cave_spider":3,"minecraft:spider":10,"minecraft:skeleton":8,"minecraft:pig":10,"minecraft:iron_golem":1,"minecraft:bat":1,"minecraft:creeper":1,"minecraft:sheep":13,"minecraft:zombie":29,"minecraft:enderman":2,"minecraft:cow":29},"minecraft:crafted":{"minecraft:oak_planks":264,"minecraft:furnace":4,"minecraft:cooked_mutton":12,"minecraft:iron_boots":2,"minecraft:iron_axe":3,"minecraft:stone_pickaxe":3,"minecraft:chest":2,"minecraft:wheat":144,"minecraft:cooked_beef":41,"minecraft:cooked_porkchop":9,"minecraft:crafting_table":6,"minecraft:wooden_pickaxe":2,"minecraft:iron_sword":4,"minecraft:bucket":1,"minecraft:campfire":2,"minecraft:stone_axe":3,"minecraft:bread":48,"minecraft:air":0,"minecraft:oak_boat":1,"minecraft:iron_chestplate":3,"minecraft:shield":3,"minecraft:stick":40,"minecraft:iron_ingot":54,"minecraft:iron_pickaxe":3,"minecraft:wooden_axe":1,"minecraft:stone_sword":1,"minecraft:iron_leggings":2,"minecraft:white_bed":1,"minecraft:torch":120},"minecraft:broken":{"minecraft:stone_pickaxe":1,"minecraft:stone_axe":2,"minecraft:wooden_axe":1}},"DataVersion":3953}