{"stats":{"minecraft:mined":{"minecraft:short_grass":1,"minecraft:oak_log":5,"minecraft:birch_leaves":2,"minecraft:oak_leaves":5,"minecraft:dirt":1},"minecraft:used":{"minecraft:dirt":1},"minecraft:custom":{"minecraft:jump":20,"minecraft:time_since_rest":1093,"minecraft:leave_game":1,"minecraft:crouch_one_cm":683,"minecraft:sprint_one_cm":3877,"minecraft:play_time":1093,"minecraft:time_since_death":1093,"minecraft:walk_one_cm":1169,"minecraft:sneak_time":427,"minecraft:total_world_time":1093,"minecraft:fall_one_cm":478,"minecraft:fly_one_cm":1786},"minecraft:crafted":{"minecraft:oak_planks":20},"minecraft:picked_up":{"minecraft:oak_log":5,"minecraft:dirt":1}},"DataVersion":3953}