{"stats":{"minecraft:picked_up":{"minecraft:charcoal":2,"minecraft:crafting_table":6,"minecraft:oak_log":164,"minecraft:string":5,"minecraft:dirt":42,"minecraft:cooked_mutton":7,"minecraft:apple":10,"minecraft:beef":3,"minecraft:stone_pickaxe":1,"minecraft:oak_planks":12,"minecraft:furnace":3,"minecraft:stick":44,"minecraft:cooked_porkchop":7,"minecraft:torch":9,"minecraft:porkchop":16,"minecraft:white_bed":1,"minecraft:spider_eye":1,"minecraft:stone_axe":1,"minecraft:oak_sapling":47,"minecraft:mutton":13,"minecraft:coal":40,"minecraft:white_wool":14,"minecraft:cobblestone":66},"minecraft:mined":{"minecraft:white_bed":1,"minecraft:oak_sapling":1,"minecraft:crafting_table":5,"minecraft:torch":3,"minecraft:short_grass":6,"minecraft:grass_block":11,"minecraft:campfire":1,"minecraft:wall_torch":3,"minecraft:furnace":2,"minecraft:birch_leaves":3,"minecraft:oak_log":9,"minecraft:coal_ore":18,"minecraft:dirt":21,"minecraft:stone":47,"minecraft:oak_leaves":27},"minecraft:killed_by":{"minecraft:skeleton":1,"minecraft:zombie":1},"minecraft:custom":{"minecraft:interact_with_furnace":6,"minecraft:mob_kills":22,"minecraft:interact_with_crafting_table":11,"minecraft:interact_with_campfire":12,"minecraft:leave_game":3,"minecraft:time_since_death":141,"minecraft:sleep_in_bed":1,"minecraft:time_since_rest":167,"minecraft:sprint_one_cm":90516,"minecraft:damage_taken":970,"minecraft:walk_one_cm":42608,"minecraft:drop":7,"minecraft:damage_dealt":2848,"minecraft:swim_one_cm":1879,"minecraft:fly_one_cm":80738,"minecraft:crouch_one_cm":4303,"minecraft:play_time":30436,"minecraft:deaths":2,"minecraft:sneak_time":1334,"minecraft:walk_under_water_one_cm":623,"minecraft:jump":542,"minecraft:walk_on_water_one_cm":1330,"minecraft:total_world_time":30436,"minecraft:fall_one_cm":16523},"minecraft:dropped":{"minecraft:oak_sapling":3,"minecraft:spider_eye":1,"minecraft:wooden_pickaxe":1,"minecraft:string":2,"minecraft:white_wool":6},"minecraft:used":{"minecraft:stone_pickaxe":65,"minecraft:wooden_pickaxe":3,"minecraft:torch":7,"minecraft:dirt":8,"minecraft:crafting_table":5,"minecraft:white_bed":1,"minecraft:campfire":1,"minecraft:wooden_axe":4,"minecraft:apple":7,"minecraft:stone_axe":68,"minecraft:oak_sapling":24,"minecraft:furnace":2,"minecraft:cooked_porkchop":4},"minecraft:killed":{"minecraft:pig":6,"minecraft:spider":3,"minecraft:sheep":9,"minecraft:zombie":1,"minecraft:cow":1,"minecraft:enderman":1},"minecraft:crafted":{"minecraft:oak_planks":24,"minecraft:cooked_porkchop":4,"minecraft:crafting_table":1,"minecraft:wooden_pickaxe":1,"minecraft:furnace":1,"minecraft:campfire":1,"minecraft:stone_axe":2,"minecraft:cooked_mutton":3,"minecraft:air":0,"minecraft:stick":4,"minecraft:stone_pickaxe":1,"minecraft:wooden_axe":1,"minecraft:white_bed":1,"minecraft:torch":4},"minecraft:broken":{"minecraft:stone_axe":1,"minecraft:wooden_axe":1}},"DataVersion":3953}