{"stats":{"minecraft:picked_up":{"minecraft:charcoal":4,"minecraft:crafting_table":10,"minecraft:cooked_beef":5,"minecraft:leather":11,"minecraft:oak_log":446,"minecraft:gunpowder":1,"minecraft:string":11,"minecraft:dirt":101,"minecraft:cooked_mutton":10,"minecraft:apple":10,"minecraft:kelp":338,"minecraft:oak_boat":1,"minecraft:beef":29,"minecraft:stone_pickaxe":4,"minecraft:sugar_cane":12,"minecraft:oak_planks":12,"minecraft:furnace":6,"minecraft:stick":98,"minecraft:cooked_porkchop":15,"minecraft:sweet_berries":3,"minecraft:torch":18,"minecraft:porkchop":29,"minecraft:spruce_sapling":1,"minecraft:white_bed":4,"minecraft:grass_block":1,"minecraft:spider_eye":2,"minecraft:rotten_flesh":5,"minecraft:stone_axe":4,"minecraft:oak_sapling":66,"minecraft:mutton":19,"minecraft:coal":124,"minecraft:white_wool":14,"minecraft:cobblestone":167},"minecraft:mined":{"minecraft:white_bed":2,"minecraft:oak_sapling":1,"minecraft:kelp_plant":55,"minecraft:crafting_table":7,"minecraft:torch":3,"minecraft:short_grass":8,"minecraft:grass_block":12,"minecraft:campfire":2,"minecraft:spruce_leaves":2,"minecraft:sugar_cane":5,"minecraft:kelp":4,"minecraft:wall_torch":3,"minecraft:seagrass":2,"minecraft:tall_seagrass":3,"minecraft:furnace":3,"minecraft:sweet_berry_bush":1,"minecraft:birch_leaves":3,"minecraft:oak_log":9,"minecraft:coal_ore":32,"minecraft:dirt":21,"minecraft:stone":52,"minecraft:oak_leaves":30},"minecraft:killed_by":{"minecraft:skeleton":2,"minecraft:creeper":1,"minecraft:zombie":1},"minecraft:custom":{"minecraft:interact_with_furnace":19,"minecraft:mob_kills":40,"minecraft:interact_with_crafting_table":19,"minecraft:interact_with_campfire":15,"minecraft:leave_game":3,"minecraft:time_since_death":10862,"minecraft:sleep_in_bed":1,"minecraft:time_since_rest":10887,"minecraft:sprint_one_cm":166468,"minecraft:damage_taken":2481,"minecraft:walk_one_cm":64793,"minecraft:drop":16,"minecraft:damage_dealt":5506,"minecraft:swim_one_cm":36556,"minecraft:fly_one_cm":172887,"minecraft:crouch_one_cm":5547,"minecraft:play_time":54436,"minecraft:deaths":4,"minecraft:sneak_time":2007,"minecraft:walk_under_water_one_cm":7881,"minecraft:boat_one_cm":205246,"minecraft:jump":1114,"minecraft:walk_on_water_one_cm":8351,"minecraft:total_world_time":54436,"minecraft:fall_one_cm":34392},"minecraft:dropped":{"minecraft:rotten_flesh":5,"minecraft:dirt":19,"minecraft:gunpowder":1,"minecraft:oak_sapling":21,"minecraft:spider_eye":2,"minecraft:wooden_pickaxe":1,"minecraft:string":7,"minecraft:white_wool":6},"minecraft:used":{"minecraft:stone_pickaxe":85,"minecraft:wooden_pickaxe":3,"minecraft:torch":7,"minecraft:dirt":25,"minecraft:crafting_table":7,"minecraft:white_bed":2,"minecraft:campfire":2,"minecraft:wooden_axe":4,"minecraft:apple":7,"minecraft:grass_block":1,"minecraft:string":1,"minecraft:spruce_sapling":1,"minecraft:stone_axe":112,"minecraft:cobblestone":5,"minecraft:porkchop":1,"minecraft:oak_sapling":25,"minecraft:furnace":3,"minecraft:cooked_porkchop":11,"minecraft:oak_boat":2,"minecraft:cooked_beef":4},"minecraft:killed":{"minecraft:pig":10,"minecraft:spider":6,"minecraft:sheep":9,"minecraft:zombie":4,"minecraft:cow":8,"minecraft:enderman":2},"minecraft:crafted":{"minecraft:cooked_beef":9,"minecraft:oak_planks":136,"minecraft:cooked_porkchop":4,"minecraft:crafting_table":1,"minecraft:wooden_pickaxe":1,"minecraft:furnace":1,"minecraft:campfire":2,"minecraft:stone_axe":2,"minecraft:cooked_mutton":6,"minecraft:air":0,"minecraft:oak_boat":1,"minecraft:stick":4,"minecraft:stone_pickaxe":1,"minecraft:wooden_axe":1,"minecraft:white_bed":1,"minecraft:torch":4},"minecraft:broken":{"minecraft:stone_axe":1,"minecraft:wooden_axe":1}},"DataVersion":3953}