{"stats":{"minecraft:picked_up":{"minecraft:charcoal":4,"minecraft:crafting_table":14,"minecraft:cooked_beef":18,"minecraft:leather":15,"minecraft:oak_log":446,"minecraft:yellow_bed":1,"minecraft:gunpowder":1,"minecraft:string":48,"minecraft:dirt":126,"minecraft:raw_copper":144,"minecraft:iron_axe":2,"minecraft:cooked_mutton":10,"minecraft:apple":10,"minecraft:kelp":338,"minecraft:iron_ingot":3,"minecraft:oak_boat":2,"minecraft:beef":32,"minecraft:stone_pickaxe":7,"minecraft:sugar_cane":12,"minecraft:oak_planks":273,"minecraft:furnace":6,"minecraft:raw_iron":14,"minecraft:stick":106,"minecraft:cooked_porkchop":15,"minecraft:sweet_berries":3,"minecraft:torch":138,"minecraft:porkchop":29,"minecraft:spruce_sapling":1,"minecraft:white_bed":6,"minecraft:grass_block":1,"minecraft:spider_eye":4,"minecraft:stone_sword":3,"minecraft:rotten_flesh":6,"minecraft:stone_axe":4,"minecraft:hay_block":16,"minecraft:bread":131,"minecraft:oak_sapling":66,"minecraft:mutton":25,"minecraft:coal":193,"minecraft:white_wool":18,"minecraft:cobblestone":267},"minecraft:mined":{"minecraft:white_bed":4,"minecraft:oak_sapling":1,"minecraft:kelp_plant":55,"minecraft:crafting_table":9,"minecraft:torch":4,"minecraft:short_grass":24,"minecraft:grass_block":17,"minecraft:campfire":2,"minecraft:copper_ore":9,"minecraft:spruce_leaves":2,"minecraft:sugar_cane":5,"minecraft:kelp":4,"minecraft:wall_torch":6,"minecraft:hay_block":16,"minecraft:seagrass":2,"minecraft:tall_seagrass":3,"minecraft:furnace":3,"minecraft:iron_ore":6,"minecraft:sweet_berry_bush":1,"minecraft:birch_leaves":3,"minecraft:yellow_bed":1,"minecraft:oak_log":9,"minecraft:coal_ore":55,"minecraft:cobweb":9,"minecraft:dirt":31,"minecraft:stone":66,"minecraft:oak_leaves":30},"minecraft:killed_by":{"minecraft:cave_spider":1,"minecraft:skeleton":3,"minecraft:creeper":1,"minecraft:zombie":2},"minecraft:custom":{"minecraft:interact_with_furnace":28,"minecraft:mob_kills":51,"minecraft:interact_with_crafting_table":28,"minecraft:interact_with_campfire":15,"minecraft:leave_game":3,"minecraft:time_since_death":786,"minecraft:sleep_in_bed":4,"minecraft:climb_one_cm":1366,"minecraft:time_since_rest":814,"minecraft:sprint_one_cm":293698,"minecraft:damage_taken":4411,"minecraft:walk_one_cm":102745,"minecraft:drop":20,"minecraft:damage_dealt":7941,"minecraft:talked_to_villager":4,"minecraft:swim_one_cm":50168,"minecraft:fly_one_cm":334735,"minecraft:open_chest":3,"minecraft:crouch_one_cm":10633,"minecraft:play_time":84436,"minecraft:deaths":8,"minecraft:sneak_time":4304,"minecraft:walk_under_water_one_cm":10452,"minecraft:boat_one_cm":315331,"minecraft:jump":1908,"minecraft:walk_on_water_one_cm":19664,"minecraft:total_world_time":84436,"minecraft:fall_one_cm":75139},"minecraft:dropped":{"minecraft:stone_sword":1,"minecraft:rotten_flesh":6,"minecraft:dirt":19,"minecraft:gunpowder":1,"minecraft:oak_sapling":21,"minecraft:spider_eye":4,"minecraft:wooden_pickaxe":1,"minecraft:string":7,"minecraft:white_wool":6},"minecraft:used":{"minecraft:cooked_mutton":3,"minecraft:stone_sword":19,"minecraft:stone_pickaxe":141,"minecraft:chest":2,"minecraft:wooden_pickaxe":3,"minecraft:torch":29,"minecraft:dirt":51,"minecraft:crafting_table":10,"minecraft:white_bed":5,"minecraft:campfire":2,"minecraft:wooden_axe":4,"minecraft:apple":7,"minecraft:iron_axe":15,"minecraft:grass_block":1,"minecraft:bread":6,"minecraft:string":1,"minecraft:spruce_sapling":1,"minecraft:stone_axe":129,"minecraft:cobblestone":9,"minecraft:porkchop":1,"minecraft:oak_sapling":25,"minecraft:furnace":5,"minecraft:cooked_porkchop":12,"minecraft:yellow_bed":1,"minecraft:oak_boat":2,"minecraft:cooked_beef":8},"minecraft:killed":{"minecraft:cave_spider":3,"minecraft:pig":10,"minecraft:iron_golem":1,"minecraft:spider":6,"minecraft:sheep":13,"minecraft:zombie":5,"minecraft:cow":10,"minecraft:enderman":2},"minecraft:crafted":{"minecraft:cooked_beef":9,"minecraft:oak_planks":136,"minecraft:cooked_porkchop":4,"minecraft:crafting_table":2,"minecraft:wooden_pickaxe":1,"minecraft:furnace":2,"minecraft:campfire":2,"minecraft:stone_axe":2,"minecraft:bread":48,"minecraft:cooked_mutton":6,"minecraft:air":0,"minecraft:oak_boat":1,"minecraft:iron_axe":1,"minecraft:stick":8,"minecraft:stone_pickaxe":2,"minecraft:wooden_axe":1,"minecraft:stone_sword":1,"minecraft:chest":2,"minecraft:white_bed":1,"minecraft:torch":52,"minecraft:wheat":144},"minecraft:broken":{"minecraft:stone_pickaxe":1,"minecraft:stone_axe":2,"minecraft:wooden_axe":1}},"DataVersion":3953}