{"stats":{"minecraft:picked_up":{"minecraft:wooden_axe":1,"minecraft:charcoal":4,"minecraft:iron_chestplate":11,"minecraft:crafting_table":32,"minecraft:wheat":12,"minecraft:smithing_table":1,"minecraft:wooden_pickaxe":1,"minecraft:brewing_stand":1,"minecraft:shield":10,"minecraft:polished_deepslate_wall":17,"minecraft:music_disc_cat":2,"minecraft:string":239,"minecraft:raw_copper":320,"minecraft:iron_axe":9,"minecraft:wooden_sword":1,"minecraft:iron_leggings":2,"minecraft:activator_rail":24,"minecraft:deepslate_tiles":1,"minecraft:cobbled_deepslate":70,"minecraft:beef":219,"minecraft:oak_boat":2,"minecraft:redstone_torch":5,"minecraft:melon_slice":14,"minecraft:minecart":10,"minecraft:iron_pickaxe":6,"minecraft:lectern":1,"minecraft:sugar_cane":30,"minecraft:chest":5,"minecraft:iron_boots":2,"minecraft:furnace":12,"minecraft:stick":151,"minecraft:raw_iron":143,"minecraft:composter":1,"minecraft:oak_fence":2,"minecraft:torch":543,"minecraft:porkchop":29,"minecraft:diorite":6,"minecraft:redstone":85,"minecraft:tnt":1,"minecraft:stone_sword":6,"minecraft:arrow":74,"minecraft:rotten_flesh":129,"minecraft:deepslate_bricks":17,"minecraft:hay_block":16,"minecraft:gold_ingot":4,"minecraft:saddle":4,"minecraft:deepslate_brick_stairs":4,"minecraft:mutton":25,"minecraft:rail":134,"minecraft:cobblestone":587,"minecraft:white_wool":18,"minecraft:oxeye_daisy":1,"minecraft:cooked_beef":266,"minecraft:glow_ink_sac":78,"minecraft:water_bucket":7,"minecraft:andesite":14,"minecraft:leather":77,"minecraft:oak_log":688,"minecraft:yellow_bed":3,"minecraft:cobbled_deepslate_stairs":2,"minecraft:gunpowder":11,"minecraft:lapis_lazuli":47,"minecraft:dirt":131,"minecraft:name_tag":2,"minecraft:cooked_mutton":10,"minecraft:bone":46,"minecraft:apple":16,"minecraft:stonecutter":1,"minecraft:kelp":385,"minecraft:bow":7,"minecraft:wheat_seeds":5,"minecraft:bell":2,"minecraft:raw_gold":32,"minecraft:stone_pickaxe":10,"minecraft:iron_ingot":239,"minecraft:oak_planks":1983,"minecraft:iron_sword":6,"minecraft:book":12,"minecraft:cooked_porkchop":15,"minecraft:sweet_berries":3,"minecraft:dandelion":3,"minecraft:gravel":1,"minecraft:spruce_sapling":1,"minecraft:white_bed":11,"minecraft:grass_block":1,"minecraft:spider_eye":4,"minecraft:pumpkin_seeds":6,"minecraft:diamond":33,"minecraft:stone_axe":6,"minecraft:granite":10,"minecraft:golden_apple":3,"minecraft:bread":285,"minecraft:oak_sapling":74,"minecraft:melon_seeds":12,"minecraft:coal":960},"minecraft:mined":{"minecraft:deepslate_tiles":1,"minecraft:white_bed":9,"minecraft:oak_sapling":1,"minecraft:deepslate_diamond_ore":16,"minecraft:cobbled_deepslate_stairs":3,"minecraft:brewing_stand":1,"minecraft:granite":6,"minecraft:grass_block":20,"minecraft:deepslate_bricks":17,"minecraft:spruce_leaves":2,"minecraft:composter":1,"minecraft:kelp":5,"minecraft:oxeye_daisy":1,"minecraft:spawner":1,"minecraft:hay_block":16,"minecraft:tall_seagrass":6,"minecraft:furnace":8,"minecraft:cobbled_deepslate":32,"minecraft:iron_ore":78,"minecraft:fire":1,"minecraft:deepslate_lapis_ore":5,"minecraft:bell":2,"minecraft:bookshelf":4,"minecraft:deepslate_iron_ore":10,"minecraft:rail":131,"minecraft:deepslate_brick_stairs":5,"minecraft:stone":154,"minecraft:redstone_wall_torch":2,"minecraft:smithing_table":1,"minecraft:deepslate_redstone_ore":12,"minecraft:kelp_plant":56,"minecraft:dandelion":3,"minecraft:oak_fence":2,"minecraft:crafting_table":14,"minecraft:torch":28,"minecraft:short_grass":56,"minecraft:melon":2,"minecraft:lectern":1,"minecraft:chest":3,"minecraft:campfire":2,"minecraft:tall_grass":2,"minecraft:copper_ore":17,"minecraft:cobblestone":3,"minecraft:deepslate_gold_ore":19,"minecraft:lapis_ore":3,"minecraft:oak_planks":25,"minecraft:sugar_cane":14,"minecraft:wall_torch":19,"minecraft:seagrass":2,"minecraft:redstone_torch":1,"minecraft:sweet_berry_bush":1,"minecraft:activator_rail":26,"minecraft:birch_leaves":3,"minecraft:tnt":1,"minecraft:yellow_bed":3,"minecraft:oak_log":15,"minecraft:coal_ore":194,"minecraft:dirt":33,"minecraft:cobweb":38,"minecraft:stonecutter":1,"minecraft:polished_deepslate_wall":18,"minecraft:gold_ore":3,"minecraft:oak_leaves":32,"minecraft:deepslate":18},"minecraft:killed_by":{"minecraft:creeper":6,"minecraft:cave_spider":1,"minecraft:skeleton":14,"minecraft:zombie":4},"minecraft:custom":{"minecraft:mob_kills":148,"minecraft:interact_with_crafting_table":84,"minecraft:interact_with_campfire":15,"minecraft:bell_ring":11,"minecraft:leave_game":11,"minecraft:time_since_death":127926,"minecraft:climb_one_cm":2331,"minecraft:sprint_one_cm":910881,"minecraft:walk_one_cm":460648,"minecraft:damage_blocked_by_shield":1748,"minecraft:drop":79,"minecraft:talked_to_villager":6,"minecraft:play_time":343300,"minecraft:deaths":27,"minecraft:sneak_time":32886,"minecraft:walk_under_water_one_cm":114193,"minecraft:boat_one_cm":315331,"minecraft:jump":6929,"minecraft:interact_with_blast_furnace":15,"minecraft:walk_on_water_one_cm":110923,"minecraft:total_world_time":343300,"minecraft:interact_with_furnace":130,"minecraft:interact_with_stonecutter":15,"minecraft:sleep_in_bed":12,"minecraft:time_since_rest":8153,"minecraft:damage_taken":15843,"minecraft:minecart_one_cm":20,"minecraft:damage_dealt":24334,"minecraft:player_kills":1,"minecraft:swim_one_cm":94930,"minecraft:fly_one_cm":2405364,"minecraft:open_chest":138,"minecraft:crouch_one_cm":106123,"minecraft:interact_with_smoker":8,"minecraft:fall_one_cm":254377},"minecraft:dropped":{"minecraft:iron_ingot":12,"minecraft:bread":6,"minecraft:iron_sword":1,"minecraft:wheat_seeds":5,"minecraft:cooked_beef":10,"minecraft:oak_log":38,"minecraft:dirt":20,"minecraft:wooden_axe":1,"minecraft:wooden_sword":1,"minecraft:iron_pickaxe":1,"minecraft:string":9,"minecraft:bucket":1,"minecraft:white_wool":6,"minecraft:stone_axe":1,"minecraft:cobbled_deepslate":5,"minecraft:stone_sword":2,"minecraft:wheat":8,"minecraft:rotten_flesh":40,"minecraft:oak_planks":38,"minecraft:pumpkin_seeds":2,"minecraft:gunpowder":4,"minecraft:iron_chestplate":1,"minecraft:andesite":2,"minecraft:oak_sapling":27,"minecraft:spider_eye":4,"minecraft:bow":1,"minecraft:wooden_pickaxe":3,"minecraft:stone_pickaxe":2},"minecraft:used":{"minecraft:oak_fence":2,"minecraft:stone_sword":28,"minecraft:chest":14,"minecraft:shield":19,"minecraft:iron_sword":206,"minecraft:bell":3,"minecraft:iron_chestplate":7,"minecraft:torch":175,"minecraft:dirt":54,"minecraft:granite":10,"minecraft:wooden_axe":4,"minecraft:villager_spawn_egg":9,"minecraft:iron_axe":152,"minecraft:grass_block":10,"minecraft:polished_deepslate_wall":229,"minecraft:iron_boots":2,"minecraft:magma_block":5,"minecraft:bow":12,"minecraft:beef":1,"minecraft:oak_sapling":27,"minecraft:furnace":17,"minecraft:minecart":12,"minecraft:cooked_beef":52,"minecraft:cobbled_deepslate":200,"minecraft:iron_leggings":1,"minecraft:cooked_mutton":9,"minecraft:water_bucket":18,"minecraft:diorite":3,"minecraft:powered_rail":35,"minecraft:stone_pickaxe":183,"minecraft:oak_planks":115,"minecraft:wooden_pickaxe":11,"minecraft:stonecutter":10,"minecraft:sugar_cane":24,"minecraft:deepslate_bricks":389,"minecraft:rail":75,"minecraft:tnt":1,"minecraft:crafting_table":22,"minecraft:blast_furnace":4,"minecraft:white_bed":7,"minecraft:campfire":6,"minecraft:smoker":4,"minecraft:deepslate_brick_stairs":61,"minecraft:cobbled_deepslate_stairs":15,"minecraft:deepslate_tiles":16,"minecraft:redstone_torch":27,"minecraft:oak_log":10,"minecraft:activator_rail":26,"minecraft:diamond_pickaxe":249,"minecraft:apple":8,"minecraft:melon_slice":12,"minecraft:bread":45,"minecraft:string":1,"minecraft:iron_pickaxe":353,"minecraft:lectern":1,"minecraft:spruce_sapling":1,"minecraft:stone_axe":169,"minecraft:cobblestone":40,"minecraft:purple_bed":2,"minecraft:cooked_porkchop":17,"minecraft:porkchop":1,"minecraft:smithing_table":1,"minecraft:andesite":2,"minecraft:bucket":17,"minecraft:chain":3,"minecraft:yellow_bed":3,"minecraft:oak_boat":2,"minecraft:kelp":55},"minecraft:killed":{"minecraft:cave_spider":3,"minecraft:spider":11,"minecraft:skeleton":12,"minecraft:pig":10,"minecraft:iron_golem":1,"minecraft:bat":1,"minecraft:creeper":4,"minecraft:sheep":13,"minecraft:zombie":49,"minecraft:villager":6,"minecraft:enderman":2,"minecraft:cow":29},"minecraft:crafted":{"minecraft:oak_planks":320,"minecraft:polished_deepslate_wall":6,"minecraft:furnace":4,"minecraft:cooked_mutton":12,"minecraft:iron_boots":2,"minecraft:iron_axe":3,"minecraft:stone_pickaxe":3,"minecraft:chest":2,"minecraft:cobbled_deepslate_stairs":9,"minecraft:minecart":1,"minecraft:wheat":144,"minecraft:cooked_beef":41,"minecraft:cooked_porkchop":9,"minecraft:crafting_table":23,"minecraft:powered_rail":42,"minecraft:wooden_pickaxe":2,"minecraft:activator_rail":30,"minecraft:iron_sword":4,"minecraft:bucket":1,"minecraft:campfire":2,"minecraft:stone_axe":3,"minecraft:bread":48,"minecraft:air":0,"minecraft:oak_boat":1,"minecraft:iron_chestplate":3,"minecraft:diamond_pickaxe":1,"minecraft:shield":3,"minecraft:stick":92,"minecraft:iron_ingot":54,"minecraft:iron_pickaxe":3,"minecraft:wooden_axe":1,"minecraft:stone_sword":1,"minecraft:gold_ingot":11,"minecraft:iron_leggings":2,"minecraft:white_bed":1,"minecraft:redstone_torch":24,"minecraft:torch":120},"minecraft:broken":{"minecraft:stone_pickaxe":1,"minecraft:stone_axe":2,"minecraft:wooden_axe":1}},"DataVersion":3953}