{"stats":{"minecraft:picked_up":{"minecraft:wooden_axe":1,"minecraft:charcoal":4,"minecraft:iron_chestplate":1,"minecraft:crafting_table":17,"minecraft:wooden_pickaxe":1,"minecraft:string":161,"minecraft:raw_copper":288,"minecraft:iron_axe":3,"minecraft:wooden_sword":1,"minecraft:cobbled_deepslate":16,"minecraft:beef":32,"minecraft:oak_boat":2,"minecraft:iron_pickaxe":2,"minecraft:sugar_cane":12,"minecraft:furnace":9,"minecraft:stick":117,"minecraft:raw_iron":86,"minecraft:oak_fence":2,"minecraft:torch":246,"minecraft:porkchop":29,"minecraft:redstone":54,"minecraft:stone_sword":6,"minecraft:arrow":4,"minecraft:rotten_flesh":11,"minecraft:hay_block":16,"minecraft:mutton":25,"minecraft:cobblestone":369,"minecraft:white_wool":18,"minecraft:cooked_beef":20,"minecraft:leather":15,"minecraft:oak_log":451,"minecraft:yellow_bed":1,"minecraft:gunpowder":1,"minecraft:lapis_lazuli":47,"minecraft:dirt":127,"minecraft:cooked_mutton":10,"minecraft:bone":5,"minecraft:apple":10,"minecraft:kelp":338,"minecraft:wheat_seeds":1,"minecraft:raw_gold":7,"minecraft:stone_pickaxe":10,"minecraft:iron_ingot":3,"minecraft:oak_planks":611,"minecraft:iron_sword":1,"minecraft:cooked_porkchop":15,"minecraft:sweet_berries":3,"minecraft:gravel":1,"minecraft:spruce_sapling":1,"minecraft:white_bed":6,"minecraft:grass_block":1,"minecraft:spider_eye":4,"minecraft:diamond":9,"minecraft:stone_axe":4,"minecraft:granite":6,"minecraft:bread":285,"minecraft:oak_sapling":66,"minecraft:coal":271},"minecraft:mined":{"minecraft:white_bed":4,"minecraft:oak_sapling":1,"minecraft:deepslate_diamond_ore":8,"minecraft:granite":6,"minecraft:grass_block":17,"minecraft:spruce_leaves":2,"minecraft:kelp":4,"minecraft:spawner":1,"minecraft:hay_block":16,"minecraft:tall_seagrass":3,"minecraft:furnace":5,"minecraft:iron_ore":42,"minecraft:deepslate_lapis_ore":5,"minecraft:deepslate_iron_ore":9,"minecraft:stone":105,"minecraft:deepslate_redstone_ore":12,"minecraft:kelp_plant":55,"minecraft:oak_fence":2,"minecraft:crafting_table":11,"minecraft:torch":8,"minecraft:short_grass":31,"minecraft:campfire":2,"minecraft:copper_ore":9,"minecraft:cobblestone":3,"minecraft:deepslate_gold_ore":4,"minecraft:lapis_ore":3,"minecraft:oak_planks":10,"minecraft:sugar_cane":5,"minecraft:wall_torch":10,"minecraft:seagrass":2,"minecraft:sweet_berry_bush":1,"minecraft:birch_leaves":3,"minecraft:yellow_bed":1,"minecraft:oak_log":14,"minecraft:coal_ore":91,"minecraft:dirt":32,"minecraft:cobweb":38,"minecraft:gold_ore":3,"minecraft:oak_leaves":30,"minecraft:deepslate":10},"minecraft:killed_by":{"minecraft:creeper":2,"minecraft:cave_spider":1,"minecraft:skeleton":5,"minecraft:zombie":2},"minecraft:custom":{"minecraft:mob_kills":69,"minecraft:interact_with_crafting_table":51,"minecraft:interact_with_campfire":15,"minecraft:leave_game":11,"minecraft:time_since_death":12200,"minecraft:climb_one_cm":1366,"minecraft:sprint_one_cm":480779,"minecraft:walk_one_cm":167815,"minecraft:damage_blocked_by_shield":1133,"minecraft:drop":38,"minecraft:talked_to_villager":4,"minecraft:play_time":139300,"minecraft:deaths":12,"minecraft:sneak_time":8851,"minecraft:walk_under_water_one_cm":12863,"minecraft:boat_one_cm":315331,"minecraft:jump":3152,"minecraft:walk_on_water_one_cm":39603,"minecraft:total_world_time":139300,"minecraft:interact_with_furnace":58,"minecraft:sleep_in_bed":5,"minecraft:time_since_rest":7260,"minecraft:damage_taken":7639,"minecraft:damage_dealt":11172,"minecraft:swim_one_cm":68520,"minecraft:fly_one_cm":632512,"minecraft:open_chest":8,"minecraft:crouch_one_cm":22860,"minecraft:fall_one_cm":134588},"minecraft:dropped":{"minecraft:bread":5,"minecraft:wheat_seeds":1,"minecraft:dirt":19,"minecraft:wooden_axe":1,"minecraft:wooden_sword":1,"minecraft:iron_pickaxe":1,"minecraft:string":7,"minecraft:white_wool":6,"minecraft:stone_sword":2,"minecraft:rotten_flesh":11,"minecraft:gunpowder":1,"minecraft:oak_sapling":21,"minecraft:spider_eye":4,"minecraft:wooden_pickaxe":3,"minecraft:stone_pickaxe":1},"minecraft:used":{"minecraft:oak_fence":2,"minecraft:stone_sword":28,"minecraft:chest":2,"minecraft:shield":8,"minecraft:iron_sword":65,"minecraft:iron_chestplate":1,"minecraft:torch":68,"minecraft:dirt":52,"minecraft:granite":6,"minecraft:wooden_axe":4,"minecraft:iron_axe":47,"minecraft:grass_block":1,"minecraft:iron_boots":1,"minecraft:oak_sapling":25,"minecraft:furnace":8,"minecraft:cooked_beef":9,"minecraft:cooked_mutton":3,"minecraft:stone_pickaxe":167,"minecraft:oak_planks":35,"minecraft:wooden_pickaxe":11,"minecraft:crafting_table":15,"minecraft:white_bed":5,"minecraft:campfire":2,"minecraft:oak_log":5,"minecraft:apple":7,"minecraft:bread":41,"minecraft:string":1,"minecraft:iron_pickaxe":144,"minecraft:spruce_sapling":1,"minecraft:stone_axe":132,"minecraft:cobblestone":39,"minecraft:cooked_porkchop":17,"minecraft:porkchop":1,"minecraft:yellow_bed":1,"minecraft:oak_boat":2},"minecraft:killed":{"minecraft:cave_spider":3,"minecraft:spider":9,"minecraft:skeleton":4,"minecraft:pig":10,"minecraft:iron_golem":1,"minecraft:bat":1,"minecraft:sheep":13,"minecraft:zombie":15,"minecraft:enderman":2,"minecraft:cow":10},"minecraft:crafted":{"minecraft:oak_planks":264,"minecraft:furnace":3,"minecraft:cooked_mutton":6,"minecraft:iron_boots":1,"minecraft:iron_axe":2,"minecraft:stone_pickaxe":3,"minecraft:chest":2,"minecraft:wheat":144,"minecraft:cooked_beef":20,"minecraft:cooked_porkchop":9,"minecraft:crafting_table":5,"minecraft:wooden_pickaxe":2,"minecraft:iron_sword":1,"minecraft:campfire":2,"minecraft:stone_axe":3,"minecraft:bread":48,"minecraft:air":0,"minecraft:oak_boat":1,"minecraft:iron_chestplate":1,"minecraft:shield":1,"minecraft:stick":20,"minecraft:iron_ingot":28,"minecraft:iron_pickaxe":1,"minecraft:wooden_axe":1,"minecraft:stone_sword":1,"minecraft:iron_leggings":1,"minecraft:white_bed":1,"minecraft:torch":60},"minecraft:broken":{"minecraft:stone_pickaxe":1,"minecraft:stone_axe":2,"minecraft:wooden_axe":1}},"DataVersion":3953}