{"stats":{"minecraft:custom":{"minecraft:time_since_rest":10714,"minecraft:interact_with_furnace":1,"minecraft:sprint_one_cm":27865,"minecraft:damage_taken":10,"minecraft:walk_one_cm":13425,"minecraft:mob_kills":2,"minecraft:drop":4,"minecraft:damage_dealt":200,"minecraft:interact_with_crafting_table":8,"minecraft:fly_one_cm":18367,"minecraft:crouch_one_cm":2047,"minecraft:play_time":10714,"minecraft:sneak_time":765,"minecraft:jump":149,"minecraft:leave_game":2,"minecraft:time_since_death":10714,"minecraft:total_world_time":10714,"minecraft:fall_one_cm":3174},"minecraft:used":{"minecraft:wooden_axe":4,"minecraft:apple":1,"minecraft:stone_pickaxe":28,"minecraft:wooden_pickaxe":3,"minecraft:stone_axe":2,"minecraft:dirt":2,"minecraft:crafting_table":3,"minecraft:furnace":1,"minecraft:oak_sapling":24},"minecraft:crafted":{"minecraft:oak_planks":24,"minecraft:crafting_table":1,"minecraft:stick":4,"minecraft:wooden_pickaxe":1,"minecraft:stone_pickaxe":1,"minecraft:wooden_axe":1,"minecraft:furnace":1,"minecraft:torch":4,"minecraft:stone_axe":1},"minecraft:killed":{"minecraft:pig":2},"minecraft:broken":{"minecraft:wooden_axe":1},"minecraft:picked_up":{"minecraft:stick":20,"minecraft:crafting_table":2,"minecraft:porkchop":4,"minecraft:oak_log":60,"minecraft:dirt":13,"minecraft:apple":4,"minecraft:oak_sapling":27,"minecraft:coal":11,"minecraft:cobblestone":19},"minecraft:mined":{"minecraft:oak_sapling":1,"minecraft:birch_leaves":2,"minecraft:crafting_table":2,"minecraft:short_grass":4,"minecraft:coal_ore":12,"minecraft:grass_block":4,"minecraft:oak_log":7,"minecraft:dirt":9,"minecraft:stone":19,"minecraft:oak_leaves":7},"minecraft:dropped":{"minecraft:oak_sapling":3,"minecraft:wooden_pickaxe":1}},"DataVersion":3953}