{"stats":{"minecraft:picked_up":{"minecraft:wooden_axe":1,"minecraft:charcoal":4,"minecraft:iron_chestplate":11,"minecraft:crafting_table":31,"minecraft:wheat":12,"minecraft:wooden_pickaxe":1,"minecraft:shield":10,"minecraft:polished_deepslate_wall":6,"minecraft:music_disc_cat":2,"minecraft:string":239,"minecraft:raw_copper":288,"minecraft:iron_axe":9,"minecraft:wooden_sword":1,"minecraft:iron_leggings":2,"minecraft:cobbled_deepslate":52,"minecraft:beef":219,"minecraft:oak_boat":2,"minecraft:iron_pickaxe":6,"minecraft:sugar_cane":12,"minecraft:chest":3,"minecraft:iron_boots":2,"minecraft:furnace":12,"minecraft:stick":151,"minecraft:raw_iron":128,"minecraft:oak_fence":2,"minecraft:torch":527,"minecraft:porkchop":29,"minecraft:diorite":6,"minecraft:redstone":54,"minecraft:stone_sword":6,"minecraft:arrow":71,"minecraft:rotten_flesh":124,"minecraft:deepslate_bricks":3,"minecraft:hay_block":16,"minecraft:gold_ingot":4,"minecraft:saddle":4,"minecraft:deepslate_brick_stairs":4,"minecraft:mutton":25,"minecraft:cobblestone":570,"minecraft:white_wool":18,"minecraft:cooked_beef":266,"minecraft:glow_ink_sac":78,"minecraft:water_bucket":7,"minecraft:andesite":14,"minecraft:leather":77,"minecraft:oak_log":688,"minecraft:yellow_bed":2,"minecraft:cobbled_deepslate_stairs":2,"minecraft:gunpowder":11,"minecraft:lapis_lazuli":47,"minecraft:dirt":130,"minecraft:name_tag":2,"minecraft:cooked_mutton":10,"minecraft:bone":42,"minecraft:apple":16,"minecraft:stonecutter":1,"minecraft:kelp":385,"minecraft:bow":6,"minecraft:wheat_seeds":2,"minecraft:raw_gold":32,"minecraft:stone_pickaxe":10,"minecraft:iron_ingot":239,"minecraft:oak_planks":1983,"minecraft:iron_sword":6,"minecraft:cooked_porkchop":15,"minecraft:sweet_berries":3,"minecraft:gravel":1,"minecraft:spruce_sapling":1,"minecraft:white_bed":6,"minecraft:grass_block":1,"minecraft:spider_eye":4,"minecraft:pumpkin_seeds":6,"minecraft:diamond":33,"minecraft:stone_axe":6,"minecraft:granite":10,"minecraft:golden_apple":3,"minecraft:bread":285,"minecraft:oak_sapling":73,"minecraft:melon_seeds":12,"minecraft:coal":957},"minecraft:mined":{"minecraft:white_bed":4,"minecraft:oak_sapling":1,"minecraft:deepslate_diamond_ore":16,"minecraft:cobbled_deepslate_stairs":3,"minecraft:granite":6,"minecraft:grass_block":19,"minecraft:deepslate_bricks":3,"minecraft:spruce_leaves":2,"minecraft:kelp":5,"minecraft:spawner":1,"minecraft:hay_block":16,"minecraft:tall_seagrass":3,"minecraft:furnace":8,"minecraft:cobbled_deepslate":8,"minecraft:iron_ore":63,"minecraft:fire":1,"minecraft:deepslate_lapis_ore":5,"minecraft:deepslate_iron_ore":10,"minecraft:deepslate_brick_stairs":5,"minecraft:stone":139,"minecraft:deepslate_redstone_ore":12,"minecraft:kelp_plant":56,"minecraft:oak_fence":2,"minecraft:crafting_table":13,"minecraft:torch":19,"minecraft:short_grass":36,"minecraft:chest":1,"minecraft:campfire":2,"minecraft:tall_grass":1,"minecraft:copper_ore":9,"minecraft:cobblestone":3,"minecraft:deepslate_gold_ore":19,"minecraft:lapis_ore":3,"minecraft:oak_planks":25,"minecraft:sugar_cane":5,"minecraft:wall_torch":14,"minecraft:seagrass":2,"minecraft:sweet_berry_bush":1,"minecraft:birch_leaves":3,"minecraft:yellow_bed":2,"minecraft:oak_log":15,"minecraft:coal_ore":191,"minecraft:dirt":33,"minecraft:cobweb":38,"minecraft:stonecutter":1,"minecraft:polished_deepslate_wall":7,"minecraft:gold_ore":3,"minecraft:oak_leaves":30,"minecraft:deepslate":18},"minecraft:killed_by":{"minecraft:creeper":6,"minecraft:cave_spider":1,"minecraft:skeleton":14,"minecraft:zombie":4},"minecraft:custom":{"minecraft:mob_kills":135,"minecraft:interact_with_crafting_table":74,"minecraft:interact_with_campfire":15,"minecraft:leave_game":11,"minecraft:time_since_death":49926,"minecraft:climb_one_cm":1366,"minecraft:sprint_one_cm":710734,"minecraft:walk_one_cm":313503,"minecraft:damage_blocked_by_shield":1748,"minecraft:drop":74,"minecraft:talked_to_villager":4,"minecraft:play_time":265300,"minecraft:deaths":27,"minecraft:sneak_time":22873,"minecraft:walk_under_water_one_cm":96029,"minecraft:boat_one_cm":315331,"minecraft:jump":5364,"minecraft:interact_with_blast_furnace":6,"minecraft:walk_on_water_one_cm":102252,"minecraft:total_world_time":265300,"minecraft:interact_with_furnace":124,"minecraft:interact_with_stonecutter":10,"minecraft:sleep_in_bed":6,"minecraft:time_since_rest":41598,"minecraft:damage_taken":14567,"minecraft:damage_dealt":21518,"minecraft:swim_one_cm":84865,"minecraft:fly_one_cm":2088774,"minecraft:open_chest":47,"minecraft:crouch_one_cm":65622,"minecraft:interact_with_smoker":5,"minecraft:fall_one_cm":210883},"minecraft:dropped":{"minecraft:iron_ingot":12,"minecraft:bread":6,"minecraft:iron_sword":1,"minecraft:wheat_seeds":2,"minecraft:cooked_beef":10,"minecraft:oak_log":38,"minecraft:dirt":20,"minecraft:wooden_axe":1,"minecraft:wooden_sword":1,"minecraft:iron_pickaxe":1,"minecraft:string":9,"minecraft:bucket":1,"minecraft:white_wool":6,"minecraft:stone_axe":1,"minecraft:cobbled_deepslate":5,"minecraft:stone_sword":2,"minecraft:wheat":8,"minecraft:rotten_flesh":38,"minecraft:oak_planks":38,"minecraft:pumpkin_seeds":2,"minecraft:gunpowder":4,"minecraft:iron_chestplate":1,"minecraft:andesite":2,"minecraft:oak_sapling":27,"minecraft:spider_eye":4,"minecraft:wooden_pickaxe":3,"minecraft:stone_pickaxe":2},"minecraft:used":{"minecraft:oak_fence":2,"minecraft:stone_sword":28,"minecraft:chest":14,"minecraft:shield":19,"minecraft:iron_sword":179,"minecraft:iron_chestplate":7,"minecraft:torch":148,"minecraft:dirt":53,"minecraft:granite":10,"minecraft:wooden_axe":4,"minecraft:iron_axe":108,"minecraft:grass_block":10,"minecraft:polished_deepslate_wall":151,"minecraft:iron_boots":2,"minecraft:magma_block":5,"minecraft:bow":12,"minecraft:beef":1,"minecraft:oak_sapling":26,"minecraft:furnace":17,"minecraft:cooked_beef":38,"minecraft:cobbled_deepslate":9,"minecraft:iron_leggings":1,"minecraft:cooked_mutton":9,"minecraft:water_bucket":18,"minecraft:diorite":3,"minecraft:stone_pickaxe":183,"minecraft:oak_planks":115,"minecraft:wooden_pickaxe":11,"minecraft:stonecutter":10,"minecraft:deepslate_bricks":223,"minecraft:crafting_table":18,"minecraft:blast_furnace":4,"minecraft:white_bed":5,"minecraft:campfire":6,"minecraft:smoker":4,"minecraft:deepslate_brick_stairs":61,"minecraft:cobbled_deepslate_stairs":15,"minecraft:oak_log":10,"minecraft:apple":8,"minecraft:bread":41,"minecraft:string":1,"minecraft:iron_pickaxe":349,"minecraft:spruce_sapling":1,"minecraft:stone_axe":169,"minecraft:cobblestone":39,"minecraft:purple_bed":2,"minecraft:cooked_porkchop":17,"minecraft:porkchop":1,"minecraft:andesite":2,"minecraft:bucket":17,"minecraft:chain":3,"minecraft:yellow_bed":2,"minecraft:oak_boat":2,"minecraft:kelp":55},"minecraft:killed":{"minecraft:cave_spider":3,"minecraft:spider":10,"minecraft:skeleton":10,"minecraft:pig":10,"minecraft:iron_golem":1,"minecraft:bat":1,"minecraft:creeper":4,"minecraft:sheep":13,"minecraft:zombie":45,"minecraft:enderman":2,"minecraft:cow":29},"minecraft:crafted":{"minecraft:oak_planks":320,"minecraft:furnace":4,"minecraft:cooked_mutton":12,"minecraft:iron_boots":2,"minecraft:iron_axe":3,"minecraft:stone_pickaxe":3,"minecraft:chest":2,"minecraft:cobbled_deepslate_stairs":9,"minecraft:wheat":144,"minecraft:cooked_beef":41,"minecraft:cooked_porkchop":9,"minecraft:crafting_table":6,"minecraft:wooden_pickaxe":2,"minecraft:iron_sword":4,"minecraft:bucket":1,"minecraft:campfire":2,"minecraft:stone_axe":3,"minecraft:bread":48,"minecraft:air":0,"minecraft:oak_boat":1,"minecraft:iron_chestplate":3,"minecraft:shield":3,"minecraft:stick":40,"minecraft:iron_ingot":54,"minecraft:iron_pickaxe":3,"minecraft:wooden_axe":1,"minecraft:stone_sword":1,"minecraft:gold_ingot":11,"minecraft:iron_leggings":2,"minecraft:white_bed":1,"minecraft:torch":120},"minecraft:broken":{"minecraft:stone_pickaxe":1,"minecraft:stone_axe":2,"minecraft:wooden_axe":1}},"DataVersion":3953}