{"stats":{"minecraft:picked_up":{"minecraft:crafting_table":17,"minecraft:charcoal":4,"minecraft:iron_chestplate":1,"minecraft:string":158,"minecraft:raw_copper":288,"minecraft:iron_axe":3,"minecraft:beef":32,"minecraft:oak_boat":2,"minecraft:iron_pickaxe":2,"minecraft:sugar_cane":12,"minecraft:furnace":9,"minecraft:stick":117,"minecraft:raw_iron":72,"minecraft:oak_fence":2,"minecraft:torch":242,"minecraft:porkchop":29,"minecraft:stone_sword":6,"minecraft:rotten_flesh":6,"minecraft:hay_block":16,"minecraft:mutton":25,"minecraft:cobblestone":349,"minecraft:white_wool":18,"minecraft:cooked_beef":20,"minecraft:leather":15,"minecraft:oak_log":451,"minecraft:yellow_bed":1,"minecraft:gunpowder":1,"minecraft:dirt":127,"minecraft:cooked_mutton":10,"minecraft:apple":10,"minecraft:kelp":338,"minecraft:stone_pickaxe":10,"minecraft:iron_ingot":3,"minecraft:oak_planks":601,"minecraft:iron_sword":1,"minecraft:cooked_porkchop":15,"minecraft:sweet_berries":3,"minecraft:spruce_sapling":1,"minecraft:white_bed":6,"minecraft:grass_block":1,"minecraft:spider_eye":4,"minecraft:stone_axe":4,"minecraft:granite":6,"minecraft:bread":285,"minecraft:oak_sapling":66,"minecraft:coal":241},"minecraft:mined":{"minecraft:white_bed":4,"minecraft:oak_sapling":1,"minecraft:granite":6,"minecraft:grass_block":17,"minecraft:spruce_leaves":2,"minecraft:kelp":4,"minecraft:spawner":1,"minecraft:hay_block":16,"minecraft:tall_seagrass":3,"minecraft:furnace":5,"minecraft:iron_ore":36,"minecraft:stone":87,"minecraft:kelp_plant":55,"minecraft:oak_fence":2,"minecraft:crafting_table":11,"minecraft:torch":7,"minecraft:short_grass":26,"minecraft:campfire":2,"minecraft:copper_ore":9,"minecraft:cobblestone":2,"minecraft:sugar_cane":5,"minecraft:wall_torch":7,"minecraft:seagrass":2,"minecraft:sweet_berry_bush":1,"minecraft:birch_leaves":3,"minecraft:yellow_bed":1,"minecraft:oak_log":14,"minecraft:coal_ore":79,"minecraft:dirt":32,"minecraft:cobweb":38,"minecraft:oak_leaves":30},"minecraft:killed_by":{"minecraft:creeper":2,"minecraft:cave_spider":1,"minecraft:skeleton":5,"minecraft:zombie":2},"minecraft:custom":{"minecraft:mob_kills":54,"minecraft:interact_with_crafting_table":44,"minecraft:interact_with_campfire":15,"minecraft:leave_game":4,"minecraft:time_since_death":4473,"minecraft:climb_one_cm":1366,"minecraft:sprint_one_cm":421906,"minecraft:walk_one_cm":131609,"minecraft:drop":28,"minecraft:talked_to_villager":4,"minecraft:play_time":108036,"minecraft:deaths":11,"minecraft:sneak_time":6470,"minecraft:walk_under_water_one_cm":10544,"minecraft:boat_one_cm":315331,"minecraft:jump":2367,"minecraft:walk_on_water_one_cm":22757,"minecraft:total_world_time":108036,"minecraft:interact_with_furnace":52,"minecraft:sleep_in_bed":4,"minecraft:time_since_rest":4500,"minecraft:damage_taken":5919,"minecraft:damage_dealt":8459,"minecraft:swim_one_cm":51192,"minecraft:fly_one_cm":407275,"minecraft:open_chest":3,"minecraft:crouch_one_cm":17504,"minecraft:fall_one_cm":100080},"minecraft:dropped":{"minecraft:bread":5,"minecraft:dirt":19,"minecraft:iron_pickaxe":1,"minecraft:string":7,"minecraft:white_wool":6,"minecraft:stone_sword":2,"minecraft:rotten_flesh":6,"minecraft:gunpowder":1,"minecraft:oak_sapling":21,"minecraft:spider_eye":4,"minecraft:stone_pickaxe":1,"minecraft:wooden_pickaxe":1},"minecraft:used":{"minecraft:oak_fence":2,"minecraft:stone_sword":28,"minecraft:chest":2,"minecraft:iron_sword":33,"minecraft:iron_chestplate":1,"minecraft:torch":59,"minecraft:dirt":52,"minecraft:granite":6,"minecraft:wooden_axe":4,"minecraft:grass_block":1,"minecraft:iron_axe":25,"minecraft:iron_boots":1,"minecraft:furnace":8,"minecraft:oak_sapling":25,"minecraft:cooked_beef":9,"minecraft:cooked_mutton":3,"minecraft:stone_pickaxe":147,"minecraft:oak_planks":23,"minecraft:wooden_pickaxe":3,"minecraft:crafting_table":15,"minecraft:white_bed":5,"minecraft:campfire":2,"minecraft:oak_log":5,"minecraft:apple":7,"minecraft:bread":20,"minecraft:string":1,"minecraft:iron_pickaxe":81,"minecraft:spruce_sapling":1,"minecraft:stone_axe":129,"minecraft:cobblestone":22,"minecraft:porkchop":1,"minecraft:cooked_porkchop":12,"minecraft:yellow_bed":1,"minecraft:oak_boat":2},"minecraft:killed":{"minecraft:cave_spider":3,"minecraft:spider":6,"minecraft:pig":10,"minecraft:iron_golem":1,"minecraft:sheep":13,"minecraft:zombie":8,"minecraft:enderman":2,"minecraft:cow":10},"minecraft:crafted":{"minecraft:oak_planks":136,"minecraft:furnace":3,"minecraft:cooked_mutton":6,"minecraft:iron_boots":1,"minecraft:iron_axe":2,"minecraft:stone_pickaxe":2,"minecraft:chest":2,"minecraft:wheat":144,"minecraft:cooked_beef":9,"minecraft:cooked_porkchop":4,"minecraft:crafting_table":5,"minecraft:wooden_pickaxe":1,"minecraft:iron_sword":1,"minecraft:campfire":2,"minecraft:stone_axe":2,"minecraft:bread":48,"minecraft:air":0,"minecraft:oak_boat":1,"minecraft:iron_chestplate":1,"minecraft:stick":12,"minecraft:iron_ingot":28,"minecraft:iron_pickaxe":1,"minecraft:wooden_axe":1,"minecraft:stone_sword":1,"minecraft:iron_leggings":1,"minecraft:white_bed":1,"minecraft:torch":52},"minecraft:broken":{"minecraft:stone_pickaxe":1,"minecraft:stone_axe":2,"minecraft:wooden_axe":1}},"DataVersion":3953}