{"stats":{"minecraft:picked_up":{"minecraft:charcoal":4,"minecraft:crafting_table":11,"minecraft:cooked_beef":10,"minecraft:leather":15,"minecraft:oak_log":446,"minecraft:yellow_bed":1,"minecraft:gunpowder":1,"minecraft:string":11,"minecraft:dirt":121,"minecraft:raw_copper":72,"minecraft:iron_axe":1,"minecraft:cooked_mutton":10,"minecraft:apple":10,"minecraft:kelp":338,"minecraft:iron_ingot":3,"minecraft:oak_boat":2,"minecraft:beef":32,"minecraft:stone_pickaxe":5,"minecraft:sugar_cane":12,"minecraft:oak_planks":103,"minecraft:furnace":6,"minecraft:stick":100,"minecraft:cooked_porkchop":15,"minecraft:sweet_berries":3,"minecraft:torch":66,"minecraft:porkchop":29,"minecraft:spruce_sapling":1,"minecraft:white_bed":6,"minecraft:grass_block":1,"minecraft:spider_eye":2,"minecraft:rotten_flesh":6,"minecraft:stone_axe":4,"minecraft:hay_block":16,"minecraft:bread":46,"minecraft:oak_sapling":66,"minecraft:mutton":25,"minecraft:coal":147,"minecraft:white_wool":18,"minecraft:cobblestone":205},"minecraft:mined":{"minecraft:white_bed":4,"minecraft:oak_sapling":1,"minecraft:kelp_plant":55,"minecraft:crafting_table":8,"minecraft:torch":3,"minecraft:short_grass":23,"minecraft:grass_block":13,"minecraft:campfire":2,"minecraft:copper_ore":9,"minecraft:spruce_leaves":2,"minecraft:sugar_cane":5,"minecraft:kelp":4,"minecraft:wall_torch":5,"minecraft:hay_block":16,"minecraft:seagrass":2,"minecraft:tall_seagrass":3,"minecraft:furnace":3,"minecraft:sweet_berry_bush":1,"minecraft:birch_leaves":3,"minecraft:yellow_bed":1,"minecraft:oak_log":9,"minecraft:coal_ore":55,"minecraft:dirt":30,"minecraft:stone":63,"minecraft:oak_leaves":30},"minecraft:killed_by":{"minecraft:skeleton":2,"minecraft:creeper":1,"minecraft:zombie":2},"minecraft:custom":{"minecraft:interact_with_furnace":28,"minecraft:mob_kills":48,"minecraft:interact_with_crafting_table":26,"minecraft:interact_with_campfire":15,"minecraft:leave_game":3,"minecraft:time_since_death":2908,"minecraft:sleep_in_bed":3,"minecraft:climb_one_cm":1366,"minecraft:time_since_rest":2933,"minecraft:sprint_one_cm":219366,"minecraft:damage_taken":3131,"minecraft:walk_one_cm":86559,"minecraft:drop":17,"minecraft:damage_dealt":7315,"minecraft:talked_to_villager":4,"minecraft:swim_one_cm":42462,"minecraft:fly_one_cm":265180,"minecraft:open_chest":3,"minecraft:crouch_one_cm":9176,"minecraft:play_time":72436,"minecraft:deaths":5,"minecraft:sneak_time":3860,"minecraft:walk_under_water_one_cm":9814,"minecraft:boat_one_cm":315331,"minecraft:jump":1574,"minecraft:walk_on_water_one_cm":11592,"minecraft:total_world_time":72436,"minecraft:fall_one_cm":52160},"minecraft:dropped":{"minecraft:rotten_flesh":6,"minecraft:dirt":19,"minecraft:gunpowder":1,"minecraft:oak_sapling":21,"minecraft:spider_eye":2,"minecraft:wooden_pickaxe":1,"minecraft:string":7,"minecraft:white_wool":6},"minecraft:used":{"minecraft:cooked_mutton":3,"minecraft:stone_pickaxe":132,"minecraft:chest":2,"minecraft:wooden_pickaxe":3,"minecraft:torch":17,"minecraft:dirt":36,"minecraft:crafting_table":9,"minecraft:white_bed":5,"minecraft:campfire":2,"minecraft:wooden_axe":4,"minecraft:apple":7,"minecraft:iron_axe":10,"minecraft:grass_block":1,"minecraft:bread":2,"minecraft:string":1,"minecraft:spruce_sapling":1,"minecraft:stone_axe":129,"minecraft:cobblestone":5,"minecraft:porkchop":1,"minecraft:oak_sapling":25,"minecraft:furnace":5,"minecraft:cooked_porkchop":12,"minecraft:yellow_bed":1,"minecraft:oak_boat":2,"minecraft:cooked_beef":4},"minecraft:killed":{"minecraft:pig":10,"minecraft:iron_golem":1,"minecraft:spider":6,"minecraft:sheep":13,"minecraft:zombie":5,"minecraft:cow":10,"minecraft:enderman":2},"minecraft:crafted":{"minecraft:cooked_beef":9,"minecraft:oak_planks":136,"minecraft:cooked_porkchop":4,"minecraft:crafting_table":1,"minecraft:wooden_pickaxe":1,"minecraft:furnace":2,"minecraft:campfire":2,"minecraft:stone_axe":2,"minecraft:bread":48,"minecraft:cooked_mutton":6,"minecraft:air":0,"minecraft:oak_boat":1,"minecraft:iron_axe":1,"minecraft:stick":4,"minecraft:stone_pickaxe":1,"minecraft:wooden_axe":1,"minecraft:chest":2,"minecraft:white_bed":1,"minecraft:torch":52,"minecraft:wheat":144},"minecraft:broken":{"minecraft:stone_pickaxe":1,"minecraft:stone_axe":2,"minecraft:wooden_axe":1}},"DataVersion":3953}