{"stats":{"minecraft:picked_up":{"minecraft:oak_log":5,"minecraft:oak_sapling":1,"minecraft:dirt":2},"minecraft:mined":{"minecraft:short_grass":4,"minecraft:grass_block":1,"minecraft:oak_log":5,"minecraft:dirt":1,"minecraft:birch_leaves":2,"minecraft:oak_leaves":5},"minecraft:custom":{"minecraft:time_since_rest":4890,"minecraft:crouch_one_cm":683,"minecraft:sprint_one_cm":6061,"minecraft:play_time":4890,"minecraft:walk_one_cm":2937,"minecraft:sneak_time":427,"minecraft:drop":1,"minecraft:jump":45,"minecraft:leave_game":2,"minecraft:time_since_death":4890,"minecraft:total_world_time":4890,"minecraft:fall_one_cm":1105,"minecraft:fly_one_cm":4867},"minecraft:dropped":{"minecraft:oak_sapling":1},"minecraft:used":{"minecraft:dirt":2},"minecraft:crafted":{"minecraft:oak_planks":20}},"DataVersion":3953}