{"stats":{"minecraft:custom":{"minecraft:interact_with_furnace":6,"minecraft:mob_kills":14,"minecraft:interact_with_crafting_table":10,"minecraft:interact_with_campfire":12,"minecraft:leave_game":3,"minecraft:time_since_death":7194,"minecraft:sleep_in_bed":1,"minecraft:time_since_rest":3854,"minecraft:sprint_one_cm":54641,"minecraft:damage_taken":525,"minecraft:walk_one_cm":28482,"minecraft:drop":6,"minecraft:damage_dealt":1683,"minecraft:swim_one_cm":882,"minecraft:fly_one_cm":50815,"minecraft:crouch_one_cm":3039,"minecraft:play_time":24509,"minecraft:deaths":1,"minecraft:sneak_time":1054,"minecraft:walk_under_water_one_cm":312,"minecraft:jump":320,"minecraft:walk_on_water_one_cm":320,"minecraft:total_world_time":24509,"minecraft:fall_one_cm":9466},"minecraft:used":{"minecraft:stone_pickaxe":61,"minecraft:wooden_pickaxe":3,"minecraft:torch":5,"minecraft:dirt":8,"minecraft:crafting_table":4,"minecraft:campfire":1,"minecraft:white_bed":1,"minecraft:wooden_axe":4,"minecraft:apple":4,"minecraft:stone_axe":31,"minecraft:oak_sapling":24,"minecraft:furnace":2,"minecraft:cooked_porkchop":2},"minecraft:crafted":{"minecraft:oak_planks":24,"minecraft:cooked_porkchop":4,"minecraft:crafting_table":1,"minecraft:wooden_pickaxe":1,"minecraft:furnace":1,"minecraft:campfire":1,"minecraft:stone_axe":1,"minecraft:cooked_mutton":3,"minecraft:air":0,"minecraft:stick":4,"minecraft:stone_pickaxe":1,"minecraft:wooden_axe":1,"minecraft:white_bed":1,"minecraft:torch":4},"minecraft:broken":{"minecraft:wooden_axe":1},"minecraft:killed":{"minecraft:pig":4,"minecraft:spider":2,"minecraft:sheep":7,"minecraft:zombie":1},"minecraft:picked_up":{"minecraft:charcoal":2,"minecraft:crafting_table":5,"minecraft:oak_log":126,"minecraft:dirt":37,"minecraft:string":4,"minecraft:cooked_mutton":7,"minecraft:apple":7,"minecraft:stone_pickaxe":1,"minecraft:oak_planks":12,"minecraft:furnace":3,"minecraft:stick":35,"minecraft:cooked_porkchop":7,"minecraft:torch":7,"minecraft:porkchop":12,"minecraft:white_bed":1,"minecraft:stone_axe":1,"minecraft:oak_sapling":31,"minecraft:mutton":10,"minecraft:coal":40,"minecraft:white_wool":12,"minecraft:cobblestone":62},"minecraft:mined":{"minecraft:white_bed":1,"minecraft:oak_sapling":1,"minecraft:crafting_table":4,"minecraft:torch":1,"minecraft:short_grass":4,"minecraft:grass_block":7,"minecraft:campfire":1,"minecraft:wall_torch":3,"minecraft:furnace":2,"minecraft:birch_leaves":2,"minecraft:oak_log":7,"minecraft:coal_ore":18,"minecraft:dirt":21,"minecraft:stone":43,"minecraft:oak_leaves":8},"minecraft:killed_by":{"minecraft:zombie":1},"minecraft:dropped":{"minecraft:oak_sapling":3,"minecraft:wooden_pickaxe":1,"minecraft:string":2,"minecraft:white_wool":6}},"DataVersion":3953}