{"stats":{"minecraft:picked_up":{"minecraft:charcoal":4,"minecraft:crafting_table":17,"minecraft:cooked_beef":20,"minecraft:leather":15,"minecraft:oak_log":451,"minecraft:yellow_bed":1,"minecraft:gunpowder":1,"minecraft:dirt":127,"minecraft:string":87,"minecraft:raw_copper":252,"minecraft:iron_axe":2,"minecraft:cooked_mutton":10,"minecraft:apple":10,"minecraft:kelp":338,"minecraft:beef":32,"minecraft:iron_ingot":3,"minecraft:stone_pickaxe":10,"minecraft:oak_boat":2,"minecraft:sugar_cane":12,"minecraft:oak_planks":560,"minecraft:furnace":8,"minecraft:stick":115,"minecraft:raw_iron":43,"minecraft:cooked_porkchop":15,"minecraft:sweet_berries":3,"minecraft:torch":234,"minecraft:porkchop":29,"minecraft:spruce_sapling":1,"minecraft:white_bed":6,"minecraft:grass_block":1,"minecraft:spider_eye":4,"minecraft:stone_sword":6,"minecraft:rotten_flesh":6,"minecraft:stone_axe":4,"minecraft:hay_block":16,"minecraft:bread":255,"minecraft:oak_sapling":66,"minecraft:mutton":25,"minecraft:coal":193,"minecraft:white_wool":18,"minecraft:cobblestone":329},"minecraft:mined":{"minecraft:white_bed":4,"minecraft:oak_sapling":1,"minecraft:kelp_plant":55,"minecraft:crafting_table":10,"minecraft:torch":4,"minecraft:short_grass":26,"minecraft:grass_block":17,"minecraft:campfire":2,"minecraft:copper_ore":9,"minecraft:spruce_leaves":2,"minecraft:kelp":4,"minecraft:sugar_cane":5,"minecraft:wall_torch":6,"minecraft:seagrass":2,"minecraft:hay_block":16,"minecraft:tall_seagrass":3,"minecraft:furnace":5,"minecraft:iron_ore":22,"minecraft:sweet_berry_bush":1,"minecraft:birch_leaves":3,"minecraft:yellow_bed":1,"minecraft:coal_ore":55,"minecraft:oak_log":14,"minecraft:dirt":32,"minecraft:cobweb":9,"minecraft:stone":70,"minecraft:oak_leaves":30},"minecraft:killed_by":{"minecraft:cave_spider":1,"minecraft:skeleton":4,"minecraft:creeper":2,"minecraft:zombie":2},"minecraft:custom":{"minecraft:interact_with_furnace":42,"minecraft:mob_kills":53,"minecraft:interact_with_crafting_table":38,"minecraft:interact_with_campfire":15,"minecraft:leave_game":4,"minecraft:time_since_death":6431,"minecraft:sleep_in_bed":4,"minecraft:climb_one_cm":1366,"minecraft:time_since_rest":6462,"minecraft:sprint_one_cm":350943,"minecraft:damage_taken":5376,"minecraft:walk_one_cm":115554,"minecraft:drop":22,"minecraft:damage_dealt":8340,"minecraft:swim_one_cm":50168,"minecraft:talked_to_villager":4,"minecraft:fly_one_cm":377112,"minecraft:open_chest":3,"minecraft:crouch_one_cm":14260,"minecraft:play_time":96036,"minecraft:deaths":10,"minecraft:sneak_time":5512,"minecraft:walk_under_water_one_cm":10452,"minecraft:boat_one_cm":315331,"minecraft:jump":2200,"minecraft:walk_on_water_one_cm":22069,"minecraft:total_world_time":96036,"minecraft:fall_one_cm":92206},"minecraft:dropped":{"minecraft:stone_sword":2,"minecraft:rotten_flesh":6,"minecraft:dirt":19,"minecraft:gunpowder":1,"minecraft:oak_sapling":21,"minecraft:spider_eye":4,"minecraft:stone_pickaxe":1,"minecraft:wooden_pickaxe":1,"minecraft:string":7,"minecraft:white_wool":6},"minecraft:used":{"minecraft:cooked_mutton":3,"minecraft:stone_sword":28,"minecraft:stone_pickaxe":147,"minecraft:oak_planks":16,"minecraft:chest":2,"minecraft:wooden_pickaxe":3,"minecraft:iron_chestplate":1,"minecraft:torch":37,"minecraft:dirt":52,"minecraft:crafting_table":14,"minecraft:campfire":2,"minecraft:white_bed":5,"minecraft:oak_log":5,"minecraft:wooden_axe":4,"minecraft:apple":7,"minecraft:iron_pickaxe":17,"minecraft:iron_axe":21,"minecraft:grass_block":1,"minecraft:bread":13,"minecraft:string":1,"minecraft:spruce_sapling":1,"minecraft:stone_axe":129,"minecraft:cobblestone":12,"minecraft:oak_sapling":25,"minecraft:furnace":7,"minecraft:cooked_porkchop":12,"minecraft:porkchop":1,"minecraft:yellow_bed":1,"minecraft:oak_boat":2,"minecraft:cooked_beef":9},"minecraft:killed":{"minecraft:cave_spider":3,"minecraft:pig":10,"minecraft:iron_golem":1,"minecraft:spider":6,"minecraft:sheep":13,"minecraft:zombie":7,"minecraft:enderman":2,"minecraft:cow":10},"minecraft:crafted":{"minecraft:cooked_beef":9,"minecraft:oak_planks":136,"minecraft:cooked_porkchop":4,"minecraft:crafting_table":4,"minecraft:wooden_pickaxe":1,"minecraft:iron_sword":1,"minecraft:furnace":3,"minecraft:campfire":2,"minecraft:stone_axe":2,"minecraft:bread":48,"minecraft:cooked_mutton":6,"minecraft:air":0,"minecraft:oak_boat":1,"minecraft:iron_chestplate":1,"minecraft:iron_axe":2,"minecraft:stick":12,"minecraft:iron_ingot":16,"minecraft:iron_pickaxe":1,"minecraft:stone_pickaxe":2,"minecraft:wooden_axe":1,"minecraft:stone_sword":1,"minecraft:chest":2,"minecraft:white_bed":1,"minecraft:torch":52,"minecraft:wheat":144},"minecraft:broken":{"minecraft:stone_pickaxe":1,"minecraft:stone_axe":2,"minecraft:wooden_axe":1}},"DataVersion":3953}