{"stats":{"minecraft:picked_up":{"minecraft:wooden_axe":1,"minecraft:crafting_table":9,"minecraft:feather":6,"minecraft:chicken":9,"minecraft:leather":37,"minecraft:smoker":3,"minecraft:oak_log":117,"minecraft:string":4,"minecraft:dirt":7,"minecraft:cooked_mutton":4,"minecraft:apple":2,"minecraft:wheat_seeds":1,"minecraft:beef":70,"minecraft:oak_boat":3,"minecraft:sugar_cane":40,"minecraft:stick":28,"minecraft:raw_iron":6,"minecraft:cooked_porkchop":1,"minecraft:sweet_berries":17,"minecraft:copper_ingot":2,"minecraft:porkchop":86,"minecraft:spruce_sapling":6,"minecraft:white_bed":2,"minecraft:diorite":2,"minecraft:spruce_log":40,"minecraft:spider_eye":2,"minecraft:rotten_flesh":7,"minecraft:oak_sapling":49,"minecraft:mutton":35,"minecraft:coal":72,"minecraft:cobblestone":66,"minecraft:white_wool":24},"minecraft:mined":{"minecraft:white_bed":2,"minecraft:smoker":3,"minecraft:crafting_table":9,"minecraft:short_grass":19,"minecraft:grass_block":2,"minecraft:tall_grass":3,"minecraft:cobblestone":2,"minecraft:spruce_leaves":1,"minecraft:sugar_cane":16,"minecraft:diorite":2,"minecraft:iron_ore":6,"minecraft:oak_log":13,"minecraft:coal_ore":58,"minecraft:dirt":5,"minecraft:stone":64,"minecraft:tripwire":1,"minecraft:oak_leaves":9},"minecraft:killed_by":{"minecraft:skeleton":1},"minecraft:custom":{"minecraft:mob_kills":120,"minecraft:interact_with_crafting_table":15,"minecraft:leave_game":1,"minecraft:time_since_death":26605,"minecraft:sleep_in_bed":2,"minecraft:time_since_rest":11436,"minecraft:sprint_one_cm":250769,"minecraft:damage_taken":1090,"minecraft:walk_one_cm":140097,"minecraft:drop":7,"minecraft:damage_dealt":11934,"minecraft:swim_one_cm":10575,"minecraft:fly_one_cm":375034,"minecraft:crouch_one_cm":2393,"minecraft:play_time":58841,"minecraft:deaths":1,"minecraft:sneak_time":1592,"minecraft:walk_under_water_one_cm":3322,"minecraft:boat_one_cm":66543,"minecraft:jump":1744,"minecraft:walk_on_water_one_cm":11956,"minecraft:interact_with_smoker":15,"minecraft:total_world_time":58841,"minecraft:fall_one_cm":59905},"minecraft:dropped":{"minecraft:wheat_seeds":1,"minecraft:copper_ingot":2,"minecraft:wooden_axe":1,"minecraft:oak_sapling":30,"minecraft:wooden_pickaxe":1},"minecraft:used":{"minecraft:diorite":2,"minecraft:stone_sword":157,"minecraft:stone_pickaxe":122,"minecraft:oak_planks":2,"minecraft:wooden_pickaxe":14,"minecraft:torch":14,"minecraft:dirt":6,"minecraft:crafting_table":10,"minecraft:white_bed":2,"minecraft:smoker":3,"minecraft:wooden_axe":13,"minecraft:apple":1,"minecraft:string":1,"minecraft:stone_axe":62,"minecraft:cobblestone":2,"minecraft:oak_sapling":8,"minecraft:porkchop":2,"minecraft:cooked_porkchop":8,"minecraft:oak_boat":4,"minecraft:cooked_beef":6},"minecraft:killed":{"minecraft:pig":38,"minecraft:spider":4,"minecraft:sheep":24,"minecraft:horse":2,"minecraft:zombie":5,"minecraft:chicken":10,"minecraft:drowned":1,"minecraft:cow":36},"minecraft:crafted":{"minecraft:cooked_beef":19,"minecraft:oak_planks":376,"minecraft:cooked_porkchop":32,"minecraft:crafting_table":3,"minecraft:wooden_pickaxe":2,"minecraft:cooked_chicken":2,"minecraft:furnace":2,"minecraft:stone_axe":2,"minecraft:air":0,"minecraft:oak_boat":1,"minecraft:stick":76,"minecraft:stone_pickaxe":2,"minecraft:wooden_axe":2,"minecraft:stone_sword":2,"minecraft:white_bed":1,"minecraft:torch":80,"minecraft:smoker":2},"minecraft:broken":{"minecraft:wooden_axe":2}},"DataVersion":3953}