{"stats":{"minecraft:picked_up":{"minecraft:wooden_axe":1,"minecraft:crafting_table":8,"minecraft:feather":6,"minecraft:chicken":9,"minecraft:leather":29,"minecraft:smoker":2,"minecraft:oak_log":117,"minecraft:string":3,"minecraft:dirt":6,"minecraft:apple":2,"minecraft:wheat_seeds":1,"minecraft:beef":52,"minecraft:oak_boat":1,"minecraft:sugar_cane":35,"minecraft:stick":28,"minecraft:raw_iron":4,"minecraft:cooked_porkchop":1,"minecraft:sweet_berries":17,"minecraft:porkchop":59,"minecraft:spruce_sapling":6,"minecraft:diorite":2,"minecraft:spruce_log":29,"minecraft:spider_eye":2,"minecraft:rotten_flesh":6,"minecraft:oak_sapling":49,"minecraft:mutton":32,"minecraft:coal":41,"minecraft:cobblestone":65,"minecraft:white_wool":22},"minecraft:mined":{"minecraft:smoker":2,"minecraft:crafting_table":8,"minecraft:short_grass":18,"minecraft:grass_block":1,"minecraft:tall_grass":3,"minecraft:cobblestone":2,"minecraft:spruce_leaves":1,"minecraft:sugar_cane":14,"minecraft:diorite":2,"minecraft:iron_ore":4,"minecraft:oak_log":13,"minecraft:coal_ore":27,"minecraft:dirt":5,"minecraft:stone":63,"minecraft:oak_leaves":7},"minecraft:killed_by":{"minecraft:skeleton":1},"minecraft:custom":{"minecraft:mob_kills":95,"minecraft:interact_with_crafting_table":15,"minecraft:leave_game":1,"minecraft:time_since_death":14605,"minecraft:sleep_in_bed":1,"minecraft:time_since_rest":0,"minecraft:sprint_one_cm":190809,"minecraft:damage_taken":840,"minecraft:walk_one_cm":122549,"minecraft:drop":5,"minecraft:damage_dealt":9374,"minecraft:swim_one_cm":10575,"minecraft:fly_one_cm":306715,"minecraft:crouch_one_cm":1939,"minecraft:play_time":46841,"minecraft:deaths":1,"minecraft:sneak_time":1133,"minecraft:walk_under_water_one_cm":3322,"minecraft:boat_one_cm":25297,"minecraft:jump":1444,"minecraft:walk_on_water_one_cm":9962,"minecraft:interact_with_smoker":14,"minecraft:total_world_time":46841,"minecraft:fall_one_cm":51578},"minecraft:dropped":{"minecraft:wheat_seeds":1,"minecraft:wooden_axe":1,"minecraft:oak_sapling":30,"minecraft:wooden_pickaxe":1},"minecraft:used":{"minecraft:diorite":2,"minecraft:stone_sword":136,"minecraft:stone_pickaxe":87,"minecraft:oak_planks":2,"minecraft:wooden_pickaxe":14,"minecraft:torch":11,"minecraft:dirt":6,"minecraft:crafting_table":10,"minecraft:white_bed":1,"minecraft:smoker":3,"minecraft:wooden_axe":13,"minecraft:apple":1,"minecraft:stone_axe":44,"minecraft:cobblestone":2,"minecraft:oak_sapling":8,"minecraft:porkchop":2,"minecraft:cooked_porkchop":8,"minecraft:oak_boat":1,"minecraft:cooked_beef":2},"minecraft:killed":{"minecraft:pig":25,"minecraft:spider":4,"minecraft:sheep":22,"minecraft:horse":2,"minecraft:zombie":5,"minecraft:chicken":10,"minecraft:cow":27},"minecraft:crafted":{"minecraft:cooked_beef":19,"minecraft:oak_planks":376,"minecraft:cooked_porkchop":29,"minecraft:crafting_table":3,"minecraft:wooden_pickaxe":2,"minecraft:cooked_chicken":2,"minecraft:furnace":2,"minecraft:stone_axe":2,"minecraft:air":0,"minecraft:oak_boat":1,"minecraft:stick":76,"minecraft:stone_pickaxe":2,"minecraft:wooden_axe":2,"minecraft:stone_sword":2,"minecraft:white_bed":1,"minecraft:torch":36,"minecraft:smoker":2},"minecraft:broken":{"minecraft:wooden_axe":2}},"DataVersion":3953}