{"stats":{"minecraft:picked_up":{"minecraft:wooden_axe":1,"minecraft:crafting_table":13,"minecraft:feather":9,"minecraft:chicken":12,"minecraft:leather":44,"minecraft:smoker":4,"minecraft:oak_log":117,"minecraft:string":29,"minecraft:dirt":8,"minecraft:cooked_mutton":4,"minecraft:apple":2,"minecraft:wheat_seeds":1,"minecraft:beef":80,"minecraft:oak_boat":4,"minecraft:sugar_cane":46,"minecraft:furnace":2,"minecraft:stick":28,"minecraft:raw_iron":54,"minecraft:cooked_porkchop":1,"minecraft:sweet_berries":17,"minecraft:copper_ingot":2,"minecraft:torch":2,"minecraft:porkchop":93,"minecraft:blast_furnace":1,"minecraft:spruce_sapling":6,"minecraft:white_bed":3,"minecraft:diorite":2,"minecraft:spruce_log":40,"minecraft:spider_eye":2,"minecraft:arrow":1,"minecraft:rotten_flesh":7,"minecraft:oak_sapling":49,"minecraft:rail":1,"minecraft:mutton":35,"minecraft:coal":401,"minecraft:cobblestone":153,"minecraft:white_wool":24},"minecraft:mined":{"minecraft:white_bed":3,"minecraft:smoker":4,"minecraft:crafting_table":13,"minecraft:short_grass":19,"minecraft:blast_furnace":1,"minecraft:grass_block":3,"minecraft:tall_grass":3,"minecraft:cobblestone":12,"minecraft:spruce_leaves":1,"minecraft:sugar_cane":21,"minecraft:diorite":2,"minecraft:wall_torch":1,"minecraft:spawner":1,"minecraft:furnace":2,"minecraft:iron_ore":54,"minecraft:oak_log":13,"minecraft:coal_ore":160,"minecraft:dirt":5,"minecraft:cobweb":23,"minecraft:stone":133,"minecraft:tripwire":1,"minecraft:oak_leaves":9},"minecraft:killed_by":{"minecraft:skeleton":1},"minecraft:custom":{"minecraft:interact_with_furnace":7,"minecraft:mob_kills":138,"minecraft:interact_with_crafting_table":23,"minecraft:leave_game":1,"minecraft:time_since_death":74605,"minecraft:sleep_in_bed":3,"minecraft:time_since_rest":46009,"minecraft:sprint_one_cm":370072,"minecraft:damage_taken":1110,"minecraft:walk_one_cm":198237,"minecraft:damage_blocked_by_shield":320,"minecraft:drop":9,"minecraft:damage_dealt":13765,"minecraft:swim_one_cm":14934,"minecraft:fly_one_cm":476318,"minecraft:crouch_one_cm":15216,"minecraft:play_time":106841,"minecraft:deaths":1,"minecraft:sneak_time":6184,"minecraft:walk_under_water_one_cm":7630,"minecraft:boat_one_cm":116194,"minecraft:jump":2274,"minecraft:interact_with_blast_furnace":3,"minecraft:walk_on_water_one_cm":15276,"minecraft:interact_with_smoker":19,"minecraft:total_world_time":106841,"minecraft:fall_one_cm":74870},"minecraft:dropped":{"minecraft:wheat_seeds":1,"minecraft:rotten_flesh":1,"minecraft:copper_ingot":2,"minecraft:rail":1,"minecraft:wooden_axe":1,"minecraft:oak_sapling":30,"minecraft:wooden_pickaxe":1},"minecraft:used":{"minecraft:diorite":2,"minecraft:stone_sword":202,"minecraft:stone_pickaxe":356,"minecraft:oak_planks":2,"minecraft:shield":7,"minecraft:wooden_pickaxe":14,"minecraft:torch":59,"minecraft:dirt":6,"minecraft:crafting_table":14,"minecraft:blast_furnace":1,"minecraft:white_bed":3,"minecraft:smoker":4,"minecraft:wooden_axe":13,"minecraft:apple":1,"minecraft:string":1,"minecraft:stone_axe":78,"minecraft:cobblestone":70,"minecraft:furnace":2,"minecraft:oak_sapling":8,"minecraft:porkchop":2,"minecraft:cooked_porkchop":8,"minecraft:oak_boat":4,"minecraft:cooked_beef":10},"minecraft:killed":{"minecraft:cave_spider":1,"minecraft:pig":42,"minecraft:spider":4,"minecraft:skeleton":1,"minecraft:sheep":24,"minecraft:horse":2,"minecraft:zombie":6,"minecraft:chicken":13,"minecraft:drowned":1,"minecraft:cow":42},"minecraft:crafted":{"minecraft:cooked_beef":47,"minecraft:smooth_stone":3,"minecraft:oak_planks":376,"minecraft:cooked_porkchop":32,"minecraft:crafting_table":3,"minecraft:iron_helmet":1,"minecraft:wooden_pickaxe":2,"minecraft:cooked_chicken":2,"minecraft:furnace":3,"minecraft:blast_furnace":1,"minecraft:stone":3,"minecraft:stone_axe":2,"minecraft:air":0,"minecraft:oak_boat":1,"minecraft:iron_boots":1,"minecraft:iron_chestplate":1,"minecraft:shield":1,"minecraft:stick":76,"minecraft:iron_ingot":41,"minecraft:iron_pickaxe":1,"minecraft:stone_pickaxe":4,"minecraft:wooden_axe":2,"minecraft:stone_sword":2,"minecraft:iron_leggings":1,"minecraft:white_bed":1,"minecraft:torch":100,"minecraft:smoker":2},"minecraft:broken":{"minecraft:stone_pickaxe":2,"minecraft:wooden_axe":2}},"DataVersion":3953}