{"stats":{"minecraft:picked_up":{"minecraft:stick":13,"minecraft:crafting_table":3,"minecraft:feather":1,"minecraft:chicken":2,"minecraft:leather":7,"minecraft:smoker":1,"minecraft:porkchop":21,"minecraft:oak_log":67,"minecraft:string":2,"minecraft:spider_eye":2,"minecraft:dirt":6,"minecraft:rotten_flesh":6,"minecraft:apple":1,"minecraft:beef":14,"minecraft:oak_sapling":32,"minecraft:mutton":9,"minecraft:sugar_cane":16,"minecraft:white_wool":7,"minecraft:cobblestone":19},"minecraft:mined":{"minecraft:smoker":1,"minecraft:crafting_table":3,"minecraft:short_grass":11,"minecraft:grass_block":1,"minecraft:oak_log":6,"minecraft:dirt":5,"minecraft:tall_grass":2,"minecraft:cobblestone":2,"minecraft:stone":17,"minecraft:sugar_cane":7,"minecraft:oak_leaves":5},"minecraft:custom":{"minecraft:time_since_rest":16982,"minecraft:sprint_one_cm":66296,"minecraft:damage_taken":285,"minecraft:walk_one_cm":38620,"minecraft:mob_kills":32,"minecraft:drop":1,"minecraft:damage_dealt":3416,"minecraft:interact_with_crafting_table":5,"minecraft:swim_one_cm":1740,"minecraft:fly_one_cm":119532,"minecraft:crouch_one_cm":504,"minecraft:play_time":16982,"minecraft:sneak_time":499,"minecraft:walk_under_water_one_cm":111,"minecraft:jump":521,"minecraft:time_since_death":16982,"minecraft:walk_on_water_one_cm":321,"minecraft:interact_with_smoker":4,"minecraft:total_world_time":16982,"minecraft:fall_one_cm":17337},"minecraft:dropped":{"minecraft:oak_sapling":21},"minecraft:used":{"minecraft:wooden_axe":9,"minecraft:stone_sword":68,"minecraft:stone_pickaxe":10,"minecraft:oak_planks":2,"minecraft:wooden_pickaxe":10,"minecraft:stone_axe":4,"minecraft:dirt":6,"minecraft:cobblestone":2,"minecraft:crafting_table":4,"minecraft:cooked_porkchop":4,"minecraft:porkchop":2,"minecraft:smoker":1},"minecraft:crafted":{"minecraft:oak_planks":192,"minecraft:cooked_porkchop":7,"minecraft:crafting_table":1,"minecraft:stick":60,"minecraft:cooked_chicken":2,"minecraft:wooden_pickaxe":1,"minecraft:stone_pickaxe":1,"minecraft:wooden_axe":1,"minecraft:stone_sword":1,"minecraft:furnace":1,"minecraft:stone_axe":1,"minecraft:air":0,"minecraft:smoker":1},"minecraft:killed":{"minecraft:sheep":7,"minecraft:zombie":3,"minecraft:pig":11,"minecraft:chicken":2,"minecraft:spider":3,"minecraft:cow":6},"minecraft:broken":{"minecraft:wooden_axe":1}},"DataVersion":3953}