{"stats":{"minecraft:picked_up":{"minecraft:crafting_table":4,"minecraft:feather":5,"minecraft:chicken":9,"minecraft:leather":20,"minecraft:smoker":2,"minecraft:oak_log":70,"minecraft:dirt":6,"minecraft:string":2,"minecraft:apple":1,"minecraft:wheat_seeds":1,"minecraft:beef":33,"minecraft:sugar_cane":31,"minecraft:stick":13,"minecraft:raw_iron":4,"minecraft:cooked_porkchop":1,"minecraft:porkchop":56,"minecraft:diorite":2,"minecraft:spider_eye":2,"minecraft:rotten_flesh":6,"minecraft:oak_sapling":32,"minecraft:mutton":28,"minecraft:coal":40,"minecraft:cobblestone":28,"minecraft:white_wool":19},"minecraft:mined":{"minecraft:smoker":2,"minecraft:crafting_table":4,"minecraft:short_grass":18,"minecraft:grass_block":1,"minecraft:tall_grass":3,"minecraft:cobblestone":2,"minecraft:sugar_cane":13,"minecraft:diorite":2,"minecraft:iron_ore":4,"minecraft:oak_log":9,"minecraft:coal_ore":26,"minecraft:dirt":5,"minecraft:stone":26,"minecraft:oak_leaves":5},"minecraft:killed_by":{"minecraft:skeleton":1},"minecraft:custom":{"minecraft:mob_kills":77,"minecraft:interact_with_crafting_table":6,"minecraft:leave_game":1,"minecraft:time_since_death":506,"minecraft:time_since_rest":565,"minecraft:sprint_one_cm":120658,"minecraft:damage_taken":780,"minecraft:walk_one_cm":64791,"minecraft:drop":2,"minecraft:damage_dealt":7634,"minecraft:swim_one_cm":6361,"minecraft:fly_one_cm":236346,"minecraft:crouch_one_cm":1835,"minecraft:play_time":32742,"minecraft:deaths":1,"minecraft:sneak_time":1045,"minecraft:walk_under_water_one_cm":2303,"minecraft:jump":1062,"minecraft:walk_on_water_one_cm":8453,"minecraft:total_world_time":32742,"minecraft:interact_with_smoker":8,"minecraft:fall_one_cm":39363},"minecraft:dropped":{"minecraft:wheat_seeds":1,"minecraft:oak_sapling":21},"minecraft:used":{"minecraft:diorite":2,"minecraft:stone_sword":125,"minecraft:stone_pickaxe":52,"minecraft:oak_planks":2,"minecraft:wooden_pickaxe":10,"minecraft:torch":11,"minecraft:dirt":6,"minecraft:crafting_table":5,"minecraft:smoker":2,"minecraft:wooden_axe":9,"minecraft:stone_axe":29,"minecraft:cobblestone":2,"minecraft:porkchop":2,"minecraft:cooked_porkchop":8},"minecraft:killed":{"minecraft:pig":23,"minecraft:spider":3,"minecraft:sheep":19,"minecraft:horse":2,"minecraft:zombie":5,"minecraft:chicken":9,"minecraft:cow":16},"minecraft:crafted":{"minecraft:oak_planks":192,"minecraft:cooked_porkchop":29,"minecraft:crafting_table":2,"minecraft:wooden_pickaxe":1,"minecraft:cooked_chicken":2,"minecraft:furnace":1,"minecraft:stone_axe":1,"minecraft:air":0,"minecraft:stick":60,"minecraft:stone_pickaxe":1,"minecraft:wooden_axe":1,"minecraft:stone_sword":1,"minecraft:torch":36,"minecraft:smoker":1},"minecraft:broken":{"minecraft:wooden_axe":1}},"DataVersion":3953}