{"stats":{"minecraft:picked_up":{"minecraft:wooden_axe":1,"minecraft:crafting_table":18,"minecraft:chicken":12,"minecraft:string":31,"minecraft:raw_copper":8,"minecraft:iron_shovel":1,"minecraft:cobbled_deepslate":41,"minecraft:beef":104,"minecraft:oak_boat":6,"minecraft:sugar_cane":49,"minecraft:furnace":3,"minecraft:stick":30,"minecraft:raw_iron":170,"minecraft:oak_door":4,"minecraft:copper_ingot":5,"minecraft:torch":3,"minecraft:porkchop":139,"minecraft:diorite":2,"minecraft:redstone":31,"minecraft:tnt":1,"minecraft:arrow":6,"minecraft:rotten_flesh":17,"minecraft:mutton":35,"minecraft:cobblestone":241,"minecraft:white_wool":24,"minecraft:rail":1,"minecraft:nautilus_shell":1,"minecraft:birch_log":5,"minecraft:magma_block":1,"minecraft:feather":9,"minecraft:andesite":11,"minecraft:leather":55,"minecraft:smoker":7,"minecraft:oak_log":117,"minecraft:gunpowder":1,"minecraft:lapis_lazuli":14,"minecraft:dirt":15,"minecraft:cooked_mutton":4,"minecraft:bone":4,"minecraft:apple":2,"minecraft:wheat_seeds":1,"minecraft:raw_gold":2,"minecraft:iron_ingot":1,"minecraft:cooked_porkchop":1,"minecraft:sweet_berries":17,"minecraft:sand":10,"minecraft:amethyst_shard":16,"minecraft:spruce_sapling":6,"minecraft:blast_furnace":3,"minecraft:white_bed":3,"minecraft:spruce_log":40,"minecraft:spider_eye":2,"minecraft:diamond":16,"minecraft:oak_sapling":49,"minecraft:coal":645},"minecraft:mined":{"minecraft:white_bed":3,"minecraft:deepslate_diamond_ore":13,"minecraft:oak_door":4,"minecraft:budding_amethyst":8,"minecraft:grass_block":5,"minecraft:spruce_leaves":1,"minecraft:sandstone":2,"minecraft:spawner":1,"minecraft:magma_block":1,"minecraft:furnace":3,"minecraft:iron_ore":137,"minecraft:cobbled_deepslate":5,"minecraft:andesite":10,"minecraft:deepslate_iron_ore":14,"minecraft:stone":199,"minecraft:tripwire":1,"minecraft:deepslate_redstone_ore":7,"minecraft:smoker":7,"minecraft:medium_amethyst_bud":1,"minecraft:crafting_table":18,"minecraft:short_grass":26,"minecraft:blast_furnace":3,"minecraft:copper_ore":1,"minecraft:tall_grass":5,"minecraft:cobblestone":32,"minecraft:deepslate_gold_ore":2,"minecraft:lapis_ore":7,"minecraft:sugar_cane":22,"minecraft:diorite":2,"minecraft:wall_torch":2,"minecraft:amethyst_block":1,"minecraft:oak_log":13,"minecraft:coal_ore":223,"minecraft:sunflower":1,"minecraft:gravel":1,"minecraft:sand":9,"minecraft:dirt":10,"minecraft:cobweb":23,"minecraft:oak_leaves":9,"minecraft:deepslate":33},"minecraft:killed_by":{"minecraft:skeleton":1},"minecraft:custom":{"minecraft:mob_kills":209,"minecraft:interact_with_crafting_table":34,"minecraft:leave_game":5,"minecraft:time_since_death":166693,"minecraft:climb_one_cm":1358,"minecraft:sprint_one_cm":579034,"minecraft:walk_one_cm":343280,"minecraft:damage_blocked_by_shield":2426,"minecraft:drop":46,"minecraft:play_time":198929,"minecraft:deaths":1,"minecraft:sneak_time":16246,"minecraft:walk_under_water_one_cm":39975,"minecraft:boat_one_cm":264953,"minecraft:jump":4203,"minecraft:interact_with_blast_furnace":30,"minecraft:walk_on_water_one_cm":24070,"minecraft:total_world_time":198929,"minecraft:interact_with_furnace":8,"minecraft:sleep_in_bed":3,"minecraft:time_since_rest":138097,"minecraft:damage_taken":1776,"minecraft:damage_dealt":24523,"minecraft:swim_one_cm":58297,"minecraft:fly_one_cm":880439,"minecraft:open_chest":7,"minecraft:crouch_one_cm":36135,"minecraft:interact_with_smoker":38,"minecraft:fall_one_cm":150643},"minecraft:dropped":{"minecraft:iron_ingot":6,"minecraft:wheat_seeds":1,"minecraft:cooked_beef":15,"minecraft:tnt":1,"minecraft:crafting_table":1,"minecraft:feather":4,"minecraft:cobblestone":7,"minecraft:copper_ingot":6,"minecraft:rail":1,"minecraft:coal":1,"minecraft:dirt":9,"minecraft:wooden_axe":1,"minecraft:sand":6,"minecraft:iron_pickaxe":1,"minecraft:iron_shovel":1,"minecraft:string":28,"minecraft:birch_log":1,"minecraft:white_wool":2,"minecraft:spruce_sapling":6,"minecraft:redstone":31,"minecraft:spyglass":2,"minecraft:cobbled_deepslate":13,"minecraft:raw_iron":20,"minecraft:rotten_flesh":11,"minecraft:oak_planks":40,"minecraft:gunpowder":1,"minecraft:andesite":10,"minecraft:oak_sapling":30,"minecraft:wooden_pickaxe":1},"minecraft:used":{"minecraft:stone_sword":233,"minecraft:shield":40,"minecraft:iron_sword":120,"minecraft:cooked_chicken":3,"minecraft:oak_door":5,"minecraft:torch":201,"minecraft:dirt":6,"minecraft:spyglass":9,"minecraft:wooden_axe":13,"minecraft:iron_axe":39,"minecraft:magma_block":1,"minecraft:oak_sapling":8,"minecraft:furnace":3,"minecraft:cooked_beef":17,"minecraft:cobbled_deepslate":28,"minecraft:cooked_mutton":4,"minecraft:diorite":2,"minecraft:stone_pickaxe":445,"minecraft:oak_planks":2,"minecraft:wooden_pickaxe":14,"minecraft:sand":4,"minecraft:crafting_table":19,"minecraft:blast_furnace":3,"minecraft:white_bed":4,"minecraft:smoker":7,"minecraft:apple":1,"minecraft:string":1,"minecraft:iron_pickaxe":254,"minecraft:stone_axe":81,"minecraft:cobblestone":147,"minecraft:porkchop":2,"minecraft:cooked_porkchop":8,"minecraft:andesite":1,"minecraft:oak_boat":6},"minecraft:killed":{"minecraft:cave_spider":1,"minecraft:spider":9,"minecraft:horse":3,"minecraft:skeleton":9,"minecraft:chicken":13,"minecraft:drowned":3,"minecraft:pig":63,"minecraft:zombie_villager":1,"minecraft:creeper":3,"minecraft:sheep":24,"minecraft:zombie":22,"minecraft:cow":56},"minecraft:crafted":{"minecraft:oak_door":3,"minecraft:smooth_stone":3,"minecraft:oak_planks":376,"minecraft:spyglass":3,"minecraft:cooked_chicken":5,"minecraft:furnace":4,"minecraft:blast_furnace":1,"minecraft:stone":3,"minecraft:cooked_mutton":3,"minecraft:iron_boots":1,"minecraft:iron_axe":1,"minecraft:stone_pickaxe":4,"minecraft:smoker":3,"minecraft:cooked_beef":71,"minecraft:cooked_porkchop":112,"minecraft:crafting_table":4,"minecraft:spruce_planks":44,"minecraft:wooden_pickaxe":2,"minecraft:iron_helmet":1,"minecraft:iron_sword":1,"minecraft:copper_ingot":7,"minecraft:stone_axe":2,"minecraft:air":0,"minecraft:oak_boat":1,"minecraft:iron_chestplate":1,"minecraft:shield":1,"minecraft:stick":120,"minecraft:iron_ingot":125,"minecraft:iron_pickaxe":2,"minecraft:wooden_axe":2,"minecraft:stone_sword":2,"minecraft:iron_leggings":1,"minecraft:white_bed":1,"minecraft:torch":236},"minecraft:broken":{"minecraft:stone_sword":1,"minecraft:stone_pickaxe":3,"minecraft:stone_axe":1,"minecraft:wooden_axe":2}},"DataVersion":3953}