{"stats":{"minecraft:picked_up":{"minecraft:wooden_axe":1,"minecraft:crafting_table":11,"minecraft:feather":9,"minecraft:chicken":12,"minecraft:leather":44,"minecraft:smoker":3,"minecraft:oak_log":117,"minecraft:string":4,"minecraft:dirt":8,"minecraft:cooked_mutton":4,"minecraft:apple":2,"minecraft:wheat_seeds":1,"minecraft:beef":80,"minecraft:oak_boat":4,"minecraft:sugar_cane":46,"minecraft:furnace":1,"minecraft:stick":28,"minecraft:raw_iron":35,"minecraft:cooked_porkchop":1,"minecraft:sweet_berries":17,"minecraft:copper_ingot":2,"minecraft:torch":1,"minecraft:porkchop":93,"minecraft:spruce_sapling":6,"minecraft:white_bed":3,"minecraft:diorite":2,"minecraft:spruce_log":40,"minecraft:spider_eye":2,"minecraft:rotten_flesh":7,"minecraft:oak_sapling":49,"minecraft:mutton":35,"minecraft:coal":229,"minecraft:cobblestone":132,"minecraft:white_wool":24},"minecraft:mined":{"minecraft:white_bed":3,"minecraft:smoker":3,"minecraft:crafting_table":11,"minecraft:short_grass":19,"minecraft:grass_block":3,"minecraft:tall_grass":3,"minecraft:cobblestone":6,"minecraft:spruce_leaves":1,"minecraft:sugar_cane":21,"minecraft:diorite":2,"minecraft:wall_torch":1,"minecraft:furnace":1,"minecraft:iron_ore":35,"minecraft:oak_log":13,"minecraft:coal_ore":152,"minecraft:dirt":5,"minecraft:stone":120,"minecraft:tripwire":1,"minecraft:oak_leaves":9},"minecraft:killed_by":{"minecraft:skeleton":1},"minecraft:custom":{"minecraft:interact_with_furnace":3,"minecraft:mob_kills":136,"minecraft:interact_with_crafting_table":19,"minecraft:leave_game":1,"minecraft:time_since_death":50605,"minecraft:sleep_in_bed":3,"minecraft:time_since_rest":22009,"minecraft:sprint_one_cm":345277,"minecraft:damage_taken":1110,"minecraft:walk_one_cm":176705,"minecraft:damage_blocked_by_shield":20,"minecraft:drop":8,"minecraft:damage_dealt":13445,"minecraft:swim_one_cm":14934,"minecraft:fly_one_cm":471683,"minecraft:crouch_one_cm":12727,"minecraft:play_time":82841,"minecraft:deaths":1,"minecraft:sneak_time":5422,"minecraft:walk_under_water_one_cm":7630,"minecraft:boat_one_cm":116194,"minecraft:jump":2203,"minecraft:walk_on_water_one_cm":15276,"minecraft:interact_with_smoker":15,"minecraft:total_world_time":82841,"minecraft:fall_one_cm":74183},"minecraft:dropped":{"minecraft:wheat_seeds":1,"minecraft:rotten_flesh":1,"minecraft:copper_ingot":2,"minecraft:wooden_axe":1,"minecraft:oak_sapling":30,"minecraft:wooden_pickaxe":1},"minecraft:used":{"minecraft:diorite":2,"minecraft:stone_sword":175,"minecraft:stone_pickaxe":306,"minecraft:oak_planks":2,"minecraft:shield":1,"minecraft:wooden_pickaxe":14,"minecraft:torch":43,"minecraft:dirt":6,"minecraft:crafting_table":12,"minecraft:white_bed":3,"minecraft:smoker":3,"minecraft:wooden_axe":13,"minecraft:apple":1,"minecraft:string":1,"minecraft:stone_axe":74,"minecraft:cobblestone":53,"minecraft:furnace":1,"minecraft:oak_sapling":8,"minecraft:porkchop":2,"minecraft:cooked_porkchop":8,"minecraft:oak_boat":4,"minecraft:cooked_beef":8},"minecraft:killed":{"minecraft:pig":42,"minecraft:spider":4,"minecraft:sheep":24,"minecraft:horse":2,"minecraft:zombie":6,"minecraft:chicken":13,"minecraft:drowned":1,"minecraft:cow":42},"minecraft:crafted":{"minecraft:cooked_beef":19,"minecraft:oak_planks":376,"minecraft:cooked_porkchop":32,"minecraft:crafting_table":3,"minecraft:wooden_pickaxe":2,"minecraft:cooked_chicken":2,"minecraft:furnace":3,"minecraft:stone_axe":2,"minecraft:air":0,"minecraft:oak_boat":1,"minecraft:shield":1,"minecraft:stick":76,"minecraft:iron_ingot":6,"minecraft:iron_pickaxe":1,"minecraft:stone_pickaxe":3,"minecraft:wooden_axe":2,"minecraft:stone_sword":2,"minecraft:white_bed":1,"minecraft:torch":80,"minecraft:smoker":2},"minecraft:broken":{"minecraft:stone_pickaxe":1,"minecraft:wooden_axe":2}},"DataVersion":3953}