{"stats":{"minecraft:picked_up":{"minecraft:wooden_axe":1,"minecraft:crafting_table":13,"minecraft:feather":9,"minecraft:chicken":12,"minecraft:leather":44,"minecraft:smoker":4,"minecraft:oak_log":117,"minecraft:gunpowder":1,"minecraft:dirt":8,"minecraft:lapis_lazuli":8,"minecraft:string":29,"minecraft:cooked_mutton":4,"minecraft:bone":4,"minecraft:apple":2,"minecraft:wheat_seeds":1,"minecraft:beef":80,"minecraft:oak_boat":4,"minecraft:sugar_cane":46,"minecraft:furnace":2,"minecraft:stick":28,"minecraft:raw_iron":131,"minecraft:cooked_porkchop":1,"minecraft:sweet_berries":17,"minecraft:copper_ingot":2,"minecraft:torch":2,"minecraft:porkchop":93,"minecraft:spruce_sapling":6,"minecraft:blast_furnace":1,"minecraft:diorite":2,"minecraft:white_bed":3,"minecraft:spruce_log":40,"minecraft:spider_eye":2,"minecraft:arrow":4,"minecraft:rotten_flesh":13,"minecraft:oak_sapling":49,"minecraft:cobblestone":173,"minecraft:mutton":35,"minecraft:coal":445,"minecraft:rail":1,"minecraft:white_wool":24},"minecraft:mined":{"minecraft:white_bed":3,"minecraft:smoker":4,"minecraft:crafting_table":13,"minecraft:short_grass":19,"minecraft:blast_furnace":1,"minecraft:grass_block":3,"minecraft:tall_grass":3,"minecraft:cobblestone":15,"minecraft:spruce_leaves":1,"minecraft:lapis_ore":2,"minecraft:sugar_cane":21,"minecraft:diorite":2,"minecraft:wall_torch":1,"minecraft:spawner":1,"minecraft:furnace":2,"minecraft:iron_ore":131,"minecraft:coal_ore":204,"minecraft:oak_log":13,"minecraft:dirt":5,"minecraft:cobweb":23,"minecraft:stone":150,"minecraft:oak_leaves":9,"minecraft:tripwire":1},"minecraft:killed_by":{"minecraft:skeleton":1},"minecraft:custom":{"minecraft:interact_with_furnace":7,"minecraft:mob_kills":148,"minecraft:interact_with_crafting_table":23,"minecraft:leave_game":2,"minecraft:time_since_death":86205,"minecraft:sleep_in_bed":3,"minecraft:time_since_rest":57609,"minecraft:sprint_one_cm":403793,"minecraft:damage_taken":1260,"minecraft:walk_one_cm":226648,"minecraft:damage_blocked_by_shield":905,"minecraft:drop":14,"minecraft:damage_dealt":15664,"minecraft:swim_one_cm":14934,"minecraft:fly_one_cm":521135,"minecraft:crouch_one_cm":16772,"minecraft:play_time":118441,"minecraft:deaths":1,"minecraft:sneak_time":6890,"minecraft:walk_under_water_one_cm":7630,"minecraft:boat_one_cm":116194,"minecraft:jump":2528,"minecraft:interact_with_blast_furnace":3,"minecraft:walk_on_water_one_cm":15514,"minecraft:interact_with_smoker":19,"minecraft:total_world_time":118441,"minecraft:fall_one_cm":84598},"minecraft:dropped":{"minecraft:wheat_seeds":1,"minecraft:feather":4,"minecraft:rotten_flesh":1,"minecraft:copper_ingot":2,"minecraft:rail":1,"minecraft:dirt":2,"minecraft:wooden_axe":1,"minecraft:oak_sapling":30,"minecraft:wooden_pickaxe":1,"minecraft:string":26,"minecraft:white_wool":2,"minecraft:spruce_sapling":6},"minecraft:used":{"minecraft:diorite":2,"minecraft:stone_sword":232,"minecraft:stone_pickaxe":445,"minecraft:oak_planks":2,"minecraft:shield":16,"minecraft:wooden_pickaxe":14,"minecraft:torch":106,"minecraft:dirt":6,"minecraft:crafting_table":14,"minecraft:blast_furnace":1,"minecraft:white_bed":4,"minecraft:smoker":4,"minecraft:wooden_axe":13,"minecraft:apple":1,"minecraft:string":1,"minecraft:iron_pickaxe":54,"minecraft:stone_axe":81,"minecraft:cobblestone":86,"minecraft:furnace":2,"minecraft:oak_sapling":8,"minecraft:porkchop":2,"minecraft:cooked_porkchop":8,"minecraft:oak_boat":4,"minecraft:cooked_beef":11},"minecraft:killed":{"minecraft:cave_spider":1,"minecraft:pig":42,"minecraft:spider":5,"minecraft:creeper":1,"minecraft:horse":2,"minecraft:skeleton":5,"minecraft:sheep":24,"minecraft:zombie":10,"minecraft:chicken":13,"minecraft:drowned":1,"minecraft:cow":42},"minecraft:crafted":{"minecraft:cooked_beef":47,"minecraft:oak_planks":376,"minecraft:smooth_stone":3,"minecraft:cooked_porkchop":32,"minecraft:crafting_table":3,"minecraft:spruce_planks":44,"minecraft:cooked_chicken":2,"minecraft:wooden_pickaxe":2,"minecraft:iron_helmet":1,"minecraft:furnace":3,"minecraft:blast_furnace":1,"minecraft:stone":3,"minecraft:stone_axe":2,"minecraft:air":0,"minecraft:oak_boat":1,"minecraft:iron_boots":1,"minecraft:iron_chestplate":1,"minecraft:shield":1,"minecraft:stick":120,"minecraft:iron_ingot":41,"minecraft:iron_pickaxe":1,"minecraft:stone_pickaxe":4,"minecraft:wooden_axe":2,"minecraft:stone_sword":2,"minecraft:iron_leggings":1,"minecraft:white_bed":1,"minecraft:torch":140,"minecraft:smoker":2},"minecraft:broken":{"minecraft:stone_pickaxe":3,"minecraft:stone_axe":1,"minecraft:wooden_axe":2}},"DataVersion":3953}