{"stats":{"minecraft:picked_up":{"minecraft:stick":7,"minecraft:crafting_table":1,"minecraft:porkchop":5,"minecraft:oak_log":28,"minecraft:oak_sapling":14,"minecraft:sugar_cane":9},"minecraft:mined":{"minecraft:oak_log":6,"minecraft:sugar_cane":4,"minecraft:oak_leaves":5,"minecraft:crafting_table":1},"minecraft:custom":{"minecraft:time_since_rest":4982,"minecraft:play_time":4982,"minecraft:sprint_one_cm":17553,"minecraft:walk_one_cm":8172,"minecraft:sneak_time":5,"minecraft:mob_kills":2,"minecraft:jump":98,"minecraft:damage_dealt":200,"minecraft:walk_on_water_one_cm":203,"minecraft:time_since_death":4982,"minecraft:total_world_time":4982,"minecraft:fall_one_cm":3164,"minecraft:interact_with_crafting_table":1,"minecraft:fly_one_cm":22374},"minecraft:used":{"minecraft:wooden_axe":3,"minecraft:crafting_table":1},"minecraft:killed":{"minecraft:pig":2},"minecraft:crafted":{"minecraft:oak_planks":112,"minecraft:crafting_table":1,"minecraft:stick":8,"minecraft:wooden_axe":1}},"DataVersion":3953}