{"stats":{"minecraft:picked_up":{"minecraft:wooden_axe":1,"minecraft:crafting_table":15,"minecraft:chicken":12,"minecraft:string":31,"minecraft:iron_shovel":1,"minecraft:cobbled_deepslate":26,"minecraft:beef":80,"minecraft:oak_boat":4,"minecraft:sugar_cane":46,"minecraft:furnace":2,"minecraft:raw_iron":150,"minecraft:stick":28,"minecraft:oak_door":1,"minecraft:copper_ingot":2,"minecraft:torch":3,"minecraft:porkchop":93,"minecraft:diorite":2,"minecraft:redstone":31,"minecraft:arrow":6,"minecraft:rotten_flesh":17,"minecraft:mutton":35,"minecraft:white_wool":24,"minecraft:rail":1,"minecraft:cobblestone":193,"minecraft:feather":9,"minecraft:leather":44,"minecraft:smoker":4,"minecraft:oak_log":117,"minecraft:gunpowder":1,"minecraft:lapis_lazuli":8,"minecraft:dirt":8,"minecraft:cooked_mutton":4,"minecraft:bone":4,"minecraft:apple":2,"minecraft:wheat_seeds":1,"minecraft:raw_gold":2,"minecraft:cooked_porkchop":1,"minecraft:sweet_berries":17,"minecraft:amethyst_shard":16,"minecraft:spruce_sapling":6,"minecraft:blast_furnace":1,"minecraft:white_bed":3,"minecraft:spruce_log":40,"minecraft:spider_eye":2,"minecraft:diamond":13,"minecraft:oak_sapling":49,"minecraft:coal":449},"minecraft:mined":{"minecraft:white_bed":3,"minecraft:deepslate_diamond_ore":13,"minecraft:oak_door":1,"minecraft:budding_amethyst":8,"minecraft:grass_block":3,"minecraft:spruce_leaves":1,"minecraft:spawner":1,"minecraft:furnace":2,"minecraft:iron_ore":137,"minecraft:cobbled_deepslate":2,"minecraft:deepslate_iron_ore":14,"minecraft:stone":153,"minecraft:tripwire":1,"minecraft:deepslate_redstone_ore":7,"minecraft:smoker":4,"minecraft:medium_amethyst_bud":1,"minecraft:crafting_table":15,"minecraft:short_grass":19,"minecraft:blast_furnace":1,"minecraft:tall_grass":3,"minecraft:cobblestone":32,"minecraft:lapis_ore":2,"minecraft:deepslate_gold_ore":2,"minecraft:sugar_cane":21,"minecraft:diorite":2,"minecraft:wall_torch":2,"minecraft:amethyst_block":1,"minecraft:oak_log":13,"minecraft:coal_ore":208,"minecraft:dirt":5,"minecraft:cobweb":23,"minecraft:oak_leaves":9,"minecraft:deepslate":25},"minecraft:killed_by":{"minecraft:skeleton":1},"minecraft:custom":{"minecraft:mob_kills":170,"minecraft:interact_with_crafting_table":27,"minecraft:leave_game":2,"minecraft:time_since_death":110205,"minecraft:sprint_one_cm":473372,"minecraft:walk_one_cm":282004,"minecraft:damage_blocked_by_shield":2426,"minecraft:drop":23,"minecraft:play_time":142441,"minecraft:sneak_time":9942,"minecraft:deaths":1,"minecraft:walk_under_water_one_cm":16554,"minecraft:boat_one_cm":116194,"minecraft:jump":3056,"minecraft:interact_with_blast_furnace":5,"minecraft:walk_on_water_one_cm":17090,"minecraft:total_world_time":142441,"minecraft:interact_with_furnace":7,"minecraft:sleep_in_bed":3,"minecraft:time_since_rest":81609,"minecraft:damage_taken":1642,"minecraft:damage_dealt":19886,"minecraft:swim_one_cm":17177,"minecraft:fly_one_cm":623094,"minecraft:crouch_one_cm":24783,"minecraft:interact_with_smoker":24,"minecraft:fall_one_cm":101823},"minecraft:dropped":{"minecraft:wheat_seeds":1,"minecraft:cobblestone":7,"minecraft:feather":4,"minecraft:copper_ingot":2,"minecraft:rail":1,"minecraft:coal":1,"minecraft:dirt":2,"minecraft:wooden_axe":1,"minecraft:iron_shovel":1,"minecraft:string":26,"minecraft:white_wool":2,"minecraft:spruce_sapling":6,"minecraft:cobbled_deepslate":5,"minecraft:rotten_flesh":11,"minecraft:gunpowder":1,"minecraft:oak_sapling":30,"minecraft:wooden_pickaxe":1},"minecraft:used":{"minecraft:stone_sword":233,"minecraft:shield":40,"minecraft:iron_sword":64,"minecraft:oak_door":1,"minecraft:torch":200,"minecraft:dirt":6,"minecraft:wooden_axe":13,"minecraft:iron_axe":9,"minecraft:oak_sapling":8,"minecraft:furnace":2,"minecraft:cooked_beef":17,"minecraft:cobbled_deepslate":20,"minecraft:diorite":2,"minecraft:stone_pickaxe":445,"minecraft:oak_planks":2,"minecraft:wooden_pickaxe":14,"minecraft:crafting_table":16,"minecraft:blast_furnace":2,"minecraft:white_bed":4,"minecraft:smoker":5,"minecraft:apple":1,"minecraft:string":1,"minecraft:iron_pickaxe":157,"minecraft:stone_axe":81,"minecraft:cobblestone":127,"minecraft:cooked_porkchop":8,"minecraft:porkchop":2,"minecraft:oak_boat":4},"minecraft:killed":{"minecraft:cave_spider":1,"minecraft:spider":9,"minecraft:horse":2,"minecraft:skeleton":9,"minecraft:chicken":13,"minecraft:drowned":1,"minecraft:pig":42,"minecraft:zombie_villager":1,"minecraft:creeper":2,"minecraft:sheep":24,"minecraft:zombie":22,"minecraft:cow":42},"minecraft:crafted":{"minecraft:oak_door":3,"minecraft:smooth_stone":3,"minecraft:oak_planks":376,"minecraft:cooked_chicken":2,"minecraft:furnace":3,"minecraft:blast_furnace":1,"minecraft:stone":3,"minecraft:iron_boots":1,"minecraft:iron_axe":1,"minecraft:stone_pickaxe":4,"minecraft:smoker":2,"minecraft:cooked_beef":47,"minecraft:cooked_porkchop":55,"minecraft:crafting_table":3,"minecraft:spruce_planks":44,"minecraft:wooden_pickaxe":2,"minecraft:iron_helmet":1,"minecraft:iron_sword":1,"minecraft:stone_axe":2,"minecraft:air":0,"minecraft:oak_boat":1,"minecraft:iron_chestplate":1,"minecraft:shield":1,"minecraft:stick":120,"minecraft:iron_ingot":41,"minecraft:iron_pickaxe":1,"minecraft:wooden_axe":2,"minecraft:stone_sword":2,"minecraft:iron_leggings":1,"minecraft:white_bed":1,"minecraft:torch":236},"minecraft:broken":{"minecraft:stone_sword":1,"minecraft:stone_pickaxe":3,"minecraft:stone_axe":1,"minecraft:wooden_axe":2}},"DataVersion":3953}