{"stats":{"minecraft:picked_up":{"minecraft:wooden_axe":1,"minecraft:crafting_table":12,"minecraft:feather":9,"minecraft:chicken":12,"minecraft:leather":44,"minecraft:smoker":3,"minecraft:oak_log":117,"minecraft:string":18,"minecraft:dirt":8,"minecraft:cooked_mutton":4,"minecraft:apple":2,"minecraft:wheat_seeds":1,"minecraft:beef":80,"minecraft:oak_boat":4,"minecraft:sugar_cane":46,"minecraft:furnace":1,"minecraft:stick":28,"minecraft:raw_iron":45,"minecraft:cooked_porkchop":1,"minecraft:sweet_berries":17,"minecraft:copper_ingot":2,"minecraft:torch":1,"minecraft:porkchop":93,"minecraft:spruce_sapling":6,"minecraft:white_bed":3,"minecraft:diorite":2,"minecraft:spruce_log":40,"minecraft:spider_eye":2,"minecraft:rotten_flesh":7,"minecraft:oak_sapling":49,"minecraft:mutton":35,"minecraft:coal":237,"minecraft:cobblestone":142,"minecraft:white_wool":24},"minecraft:mined":{"minecraft:white_bed":3,"minecraft:smoker":3,"minecraft:crafting_table":12,"minecraft:short_grass":19,"minecraft:grass_block":3,"minecraft:tall_grass":3,"minecraft:cobblestone":6,"minecraft:spruce_leaves":1,"minecraft:sugar_cane":21,"minecraft:diorite":2,"minecraft:wall_torch":1,"minecraft:spawner":1,"minecraft:furnace":1,"minecraft:iron_ore":45,"minecraft:oak_log":13,"minecraft:coal_ore":160,"minecraft:dirt":5,"minecraft:cobweb":12,"minecraft:stone":130,"minecraft:tripwire":1,"minecraft:oak_leaves":9},"minecraft:killed_by":{"minecraft:skeleton":1},"minecraft:custom":{"minecraft:interact_with_furnace":6,"minecraft:mob_kills":137,"minecraft:interact_with_crafting_table":20,"minecraft:leave_game":1,"minecraft:time_since_death":62605,"minecraft:sleep_in_bed":3,"minecraft:time_since_rest":34009,"minecraft:sprint_one_cm":355471,"minecraft:damage_taken":1110,"minecraft:walk_one_cm":185611,"minecraft:damage_blocked_by_shield":80,"minecraft:drop":8,"minecraft:damage_dealt":13565,"minecraft:swim_one_cm":14934,"minecraft:fly_one_cm":472449,"minecraft:crouch_one_cm":13841,"minecraft:play_time":94841,"minecraft:deaths":1,"minecraft:sneak_time":5838,"minecraft:walk_under_water_one_cm":7630,"minecraft:boat_one_cm":116194,"minecraft:jump":2220,"minecraft:walk_on_water_one_cm":15276,"minecraft:interact_with_smoker":15,"minecraft:total_world_time":94841,"minecraft:fall_one_cm":74183},"minecraft:dropped":{"minecraft:wheat_seeds":1,"minecraft:rotten_flesh":1,"minecraft:copper_ingot":2,"minecraft:wooden_axe":1,"minecraft:oak_sapling":30,"minecraft:wooden_pickaxe":1},"minecraft:used":{"minecraft:diorite":2,"minecraft:stone_sword":190,"minecraft:stone_pickaxe":335,"minecraft:oak_planks":2,"minecraft:shield":3,"minecraft:wooden_pickaxe":14,"minecraft:torch":49,"minecraft:dirt":6,"minecraft:crafting_table":13,"minecraft:white_bed":3,"minecraft:smoker":3,"minecraft:wooden_axe":13,"minecraft:apple":1,"minecraft:string":1,"minecraft:stone_axe":75,"minecraft:cobblestone":57,"minecraft:furnace":2,"minecraft:oak_sapling":8,"minecraft:porkchop":2,"minecraft:cooked_porkchop":8,"minecraft:oak_boat":4,"minecraft:cooked_beef":8},"minecraft:killed":{"minecraft:cave_spider":1,"minecraft:pig":42,"minecraft:spider":4,"minecraft:sheep":24,"minecraft:horse":2,"minecraft:zombie":6,"minecraft:chicken":13,"minecraft:drowned":1,"minecraft:cow":42},"minecraft:crafted":{"minecraft:cooked_beef":19,"minecraft:smooth_stone":3,"minecraft:oak_planks":376,"minecraft:cooked_porkchop":32,"minecraft:crafting_table":3,"minecraft:wooden_pickaxe":2,"minecraft:cooked_chicken":2,"minecraft:furnace":3,"minecraft:stone":3,"minecraft:stone_axe":2,"minecraft:air":0,"minecraft:oak_boat":1,"minecraft:shield":1,"minecraft:stick":76,"minecraft:iron_ingot":6,"minecraft:iron_pickaxe":1,"minecraft:stone_pickaxe":4,"minecraft:wooden_axe":2,"minecraft:stone_sword":2,"minecraft:white_bed":1,"minecraft:torch":80,"minecraft:smoker":2},"minecraft:broken":{"minecraft:stone_pickaxe":2,"minecraft:wooden_axe":2}},"DataVersion":3953}