{"stats":{"minecraft:picked_up":{"minecraft:birch_log":4,"minecraft:crafting_table":4,"minecraft:iron_chestplate":1,"minecraft:birch_planks":4,"minecraft:oak_log":18,"minecraft:dirt":1,"minecraft:string":22,"minecraft:cobbled_deepslate":6,"minecraft:raw_gold":14,"minecraft:oak_planks":53,"minecraft:furnace":2,"minecraft:stick":3,"minecraft:raw_iron":32,"minecraft:cooked_porkchop":1,"minecraft:torch":10,"minecraft:porkchop":3,"minecraft:spider_eye":2,"minecraft:stone_sword":1,"minecraft:diamond":1,"minecraft:stone_axe":1,"minecraft:bread":5,"minecraft:oak_sapling":10,"minecraft:coal":3,"minecraft:cobblestone":68},"minecraft:mined":{"minecraft:deepslate_diamond_ore":1,"minecraft:crafting_table":3,"minecraft:torch":6,"minecraft:cobblestone":7,"minecraft:deepslate_gold_ore":7,"minecraft:furnace":1,"minecraft:birch_log":4,"minecraft:iron_ore":11,"minecraft:oak_log":7,"minecraft:coal_ore":4,"minecraft:deepslate_iron_ore":8,"minecraft:dirt":1,"minecraft:cobweb":10,"minecraft:stone":51,"minecraft:oak_leaves":5,"minecraft:deepslate":3},"minecraft:killed_by":{"minecraft:skeleton":2},"minecraft:custom":{"minecraft:interact_with_furnace":20,"minecraft:mob_kills":2,"minecraft:interact_with_crafting_table":18,"minecraft:time_since_death":2079,"minecraft:time_since_rest":2112,"minecraft:sprint_one_cm":53183,"minecraft:damage_taken":1135,"minecraft:walk_one_cm":48354,"minecraft:drop":4,"minecraft:damage_dealt":663,"minecraft:fly_one_cm":57900,"minecraft:crouch_one_cm":2041,"minecraft:play_time":18689,"minecraft:deaths":2,"minecraft:sneak_time":730,"minecraft:jump":313,"minecraft:walk_on_water_one_cm":2294,"minecraft:total_world_time":18689,"minecraft:fall_one_cm":11464},"minecraft:dropped":{"minecraft:wooden_axe":2,"minecraft:wooden_sword":1,"minecraft:wooden_pickaxe":1},"minecraft:used":{"minecraft:stone_sword":10,"minecraft:stone_pickaxe":16,"minecraft:oak_planks":5,"minecraft:wooden_pickaxe":8,"minecraft:iron_chestplate":2,"minecraft:torch":22,"minecraft:dirt":1,"minecraft:crafting_table":3,"minecraft:wooden_axe":10,"minecraft:bread":5,"minecraft:iron_pickaxe":72,"minecraft:stone_axe":8,"minecraft:cobblestone":40,"minecraft:furnace":1,"minecraft:cooked_porkchop":3},"minecraft:killed":{"minecraft:pig":1,"minecraft:spider":1},"minecraft:crafted":{"minecraft:wooden_sword":1,"minecraft:oak_planks":72,"minecraft:cooked_porkchop":3,"minecraft:crafting_table":1,"minecraft:wooden_pickaxe":1,"minecraft:furnace":1,"minecraft:birch_planks":8,"minecraft:stone_axe":1,"minecraft:air":0,"minecraft:iron_chestplate":1,"minecraft:stick":16,"minecraft:iron_ingot":11,"minecraft:iron_pickaxe":1,"minecraft:stone_pickaxe":1,"minecraft:wooden_axe":2,"minecraft:stone_sword":1,"minecraft:torch":20}},"DataVersion":3953}