{"stats":{"minecraft:picked_up":{"minecraft:birch_log":4,"minecraft:crafting_table":5,"minecraft:iron_chestplate":1,"minecraft:birch_planks":4,"minecraft:oak_log":18,"minecraft:dirt":1,"minecraft:string":22,"minecraft:wheat_seeds":1,"minecraft:cobbled_deepslate":11,"minecraft:raw_gold":14,"minecraft:oak_planks":55,"minecraft:furnace":2,"minecraft:stick":3,"minecraft:raw_iron":32,"minecraft:cooked_porkchop":1,"minecraft:torch":10,"minecraft:porkchop":3,"minecraft:spider_eye":2,"minecraft:stone_sword":1,"minecraft:diamond":1,"minecraft:stone_axe":1,"minecraft:bread":5,"minecraft:oak_sapling":10,"minecraft:coal":3,"minecraft:cobblestone":68},"minecraft:mined":{"minecraft:deepslate_diamond_ore":1,"minecraft:crafting_table":4,"minecraft:torch":6,"minecraft:short_grass":7,"minecraft:cobblestone":7,"minecraft:deepslate_gold_ore":7,"minecraft:oak_planks":2,"minecraft:furnace":1,"minecraft:birch_log":4,"minecraft:iron_ore":11,"minecraft:oak_log":7,"minecraft:coal_ore":4,"minecraft:deepslate_iron_ore":8,"minecraft:dirt":1,"minecraft:cobweb":10,"minecraft:stone":51,"minecraft:oak_leaves":6,"minecraft:deepslate":8},"minecraft:killed_by":{"minecraft:skeleton":2},"minecraft:custom":{"minecraft:interact_with_furnace":20,"minecraft:mob_kills":2,"minecraft:interact_with_crafting_table":20,"minecraft:leave_game":1,"minecraft:time_since_death":960,"minecraft:time_since_rest":1016,"minecraft:sprint_one_cm":68702,"minecraft:damage_taken":1400,"minecraft:walk_one_cm":55708,"minecraft:drop":5,"minecraft:damage_dealt":663,"minecraft:fly_one_cm":82966,"minecraft:crouch_one_cm":2041,"minecraft:play_time":22297,"minecraft:deaths":3,"minecraft:sneak_time":730,"minecraft:jump":410,"minecraft:walk_on_water_one_cm":2294,"minecraft:total_world_time":22297,"minecraft:fall_one_cm":16734},"minecraft:dropped":{"minecraft:wheat_seeds":1,"minecraft:wooden_axe":2,"minecraft:wooden_sword":1,"minecraft:wooden_pickaxe":1},"minecraft:used":{"minecraft:stone_sword":10,"minecraft:stone_pickaxe":18,"minecraft:oak_planks":10,"minecraft:wooden_pickaxe":11,"minecraft:iron_chestplate":2,"minecraft:torch":22,"minecraft:dirt":1,"minecraft:crafting_table":4,"minecraft:wooden_axe":10,"minecraft:bread":5,"minecraft:iron_pickaxe":72,"minecraft:stone_axe":11,"minecraft:cobblestone":40,"minecraft:furnace":1,"minecraft:cooked_porkchop":3,"minecraft:cobbled_deepslate":3},"minecraft:killed":{"minecraft:pig":1,"minecraft:spider":1},"minecraft:crafted":{"minecraft:wooden_sword":1,"minecraft:oak_planks":72,"minecraft:cooked_porkchop":3,"minecraft:crafting_table":1,"minecraft:wooden_pickaxe":2,"minecraft:furnace":1,"minecraft:birch_planks":8,"minecraft:stone_axe":1,"minecraft:air":0,"minecraft:iron_chestplate":1,"minecraft:stick":20,"minecraft:iron_ingot":11,"minecraft:iron_pickaxe":1,"minecraft:stone_pickaxe":2,"minecraft:wooden_axe":2,"minecraft:stone_sword":1,"minecraft:torch":20}},"DataVersion":3953}