{"stats":{"minecraft:picked_up":{"minecraft:birch_log":4,"minecraft:stick":3,"minecraft:crafting_table":2,"minecraft:porkchop":3,"minecraft:oak_log":18,"minecraft:dirt":1,"minecraft:bread":5,"minecraft:oak_sapling":5,"minecraft:cobblestone":22},"minecraft:mined":{"minecraft:birch_log":4,"minecraft:crafting_table":2,"minecraft:oak_log":7,"minecraft:dirt":1,"minecraft:stone":24,"minecraft:oak_leaves":5},"minecraft:killed_by":{"minecraft:skeleton":1},"minecraft:custom":{"minecraft:time_since_rest":5413,"minecraft:sprint_one_cm":19583,"minecraft:interact_with_furnace":3,"minecraft:damage_taken":476,"minecraft:walk_one_cm":14029,"minecraft:mob_kills":1,"minecraft:drop":4,"minecraft:damage_dealt":226,"minecraft:interact_with_crafting_table":7,"minecraft:fly_one_cm":16933,"minecraft:crouch_one_cm":1662,"minecraft:play_time":6689,"minecraft:deaths":1,"minecraft:sneak_time":668,"minecraft:jump":108,"minecraft:walk_on_water_one_cm":1474,"minecraft:time_since_death":5384,"minecraft:total_world_time":6689,"minecraft:fall_one_cm":4625},"minecraft:dropped":{"minecraft:wooden_axe":2,"minecraft:wooden_sword":1,"minecraft:wooden_pickaxe":1},"minecraft:used":{"minecraft:wooden_axe":10,"minecraft:stone_pickaxe":16,"minecraft:bread":3,"minecraft:wooden_pickaxe":8,"minecraft:dirt":1,"minecraft:crafting_table":2},"minecraft:killed":{"minecraft:pig":1},"minecraft:crafted":{"minecraft:wooden_sword":1,"minecraft:oak_planks":72,"minecraft:crafting_table":1,"minecraft:stick":16,"minecraft:wooden_pickaxe":1,"minecraft:stone_pickaxe":1,"minecraft:wooden_axe":2,"minecraft:birch_planks":8,"minecraft:stone_axe":1}},"DataVersion":3953}